table_title,variable,num_groups
AGE AND NATIVITY OF OWN CHILDREN UNDER 18 YEARS IN FAMILIES AND SUBFAMILIES BY NUMBER AND NATIVITY OF PARENTS,B05009_001,1
AGE BY LANGUAGE SPOKEN AT HOME BY ABILITY TO SPEAK ENGLISH FOR THE POPULATION 5 YEARS AND OVER,B16004_001,1
AGE BY LANGUAGE SPOKEN AT HOME FOR THE POPULATION 5 YEARS AND OVER,B16007_001,1
AGE BY LANGUAGE SPOKEN AT HOME FOR THE POPULATION 5 YEARS AND OVER IN LINGUISTICALLY ISOLATED HOUSEHOLDS,B16003_001,1
AGE BY RATIO OF INCOME TO POVERTY LEVEL IN THE PAST 12 MONTHS,B17024_001,1
AGE BY VETERAN STATUS BY EMPLOYMENT STATUS FOR THE CIVILIAN POPULATION 18 TO 64 YEARS,B21005_001,1
AGE OF HOUSEHOLDER BY GROSS RENT AS A PERCENTAGE OF HOUSEHOLD INCOME IN THE PAST 12 MONTHS,B25072_001,1
AGE OF HOUSEHOLDER BY HOUSEHOLD INCOME IN THE PAST 12 MONTHS (IN 2009 INFLATION-ADJUSTED DOLLARS),B19037_001,1
AGE OF HOUSEHOLDER BY HOUSEHOLD INCOME IN THE PAST 12 MONTHS (IN 2009 INFLATION-ADJUSTED DOLLARS) (AMERICAN INDIAN AND ALASKA NATIVE ALONE HOUSEHOLDER),B19037C_001,1
AGE OF HOUSEHOLDER BY HOUSEHOLD INCOME IN THE PAST 12 MONTHS (IN 2009 INFLATION-ADJUSTED DOLLARS) (ASIAN ALONE HOUSEHOLDER),B19037D_001,1
AGE OF HOUSEHOLDER BY HOUSEHOLD INCOME IN THE PAST 12 MONTHS (IN 2009 INFLATION-ADJUSTED DOLLARS) (BLACK OR AFRICAN AMERICAN ALONE HOUSEHOLDER),B19037B_001,1
AGE OF HOUSEHOLDER BY HOUSEHOLD INCOME IN THE PAST 12 MONTHS (IN 2009 INFLATION-ADJUSTED DOLLARS) (HISPANIC OR LATINO HOUSEHOLDER),B19037I_001,1
AGE OF HOUSEHOLDER BY HOUSEHOLD INCOME IN THE PAST 12 MONTHS (IN 2009 INFLATION-ADJUSTED DOLLARS) (NATIVE HAWAIIAN AND OTHER PACIFIC ISLANDER ALONE HOUSEHOLDER),B19037E_001,1
AGE OF HOUSEHOLDER BY HOUSEHOLD INCOME IN THE PAST 12 MONTHS (IN 2009 INFLATION-ADJUSTED DOLLARS) (SOME OTHER RACE ALONE HOUSEHOLDER),B19037F_001,1
AGE OF HOUSEHOLDER BY HOUSEHOLD INCOME IN THE PAST 12 MONTHS (IN 2009 INFLATION-ADJUSTED DOLLARS) (TWO OR MORE RACES HOUSEHOLDER),B19037G_001,1
AGE OF HOUSEHOLDER BY HOUSEHOLD INCOME IN THE PAST 12 MONTHS (IN 2009 INFLATION-ADJUSTED DOLLARS) (WHITE ALONE HOUSEHOLDER),B19037A_001,1
"AGE OF HOUSEHOLDER BY HOUSEHOLD INCOME IN THE PAST 12 MONTHS (IN 2009 INFLATION-ADJUSTED DOLLARS) (WHITE ALONE, NOT HISPANIC OR LATINO HOUSEHOLDER)",B19037H_001,1
AGE OF HOUSEHOLDER BY MEALS INCLUDED IN RENT,B25055_001,1
AGE OF HOUSEHOLDER BY SELECTED MONTHLY OWNER COSTS AS A PERCENTAGE OF HOUSEHOLD INCOME IN THE PAST 12 MONTHS,B25093_001,1
AGE OF OWN CHILDREN UNDER 18 YEARS IN FAMILIES AND SUBFAMILIES BY LIVING ARRANGEMENTS BY EMPLOYMENT STATUS OF PARENTS,B23008_001,1
AGGREGATE CONTRACT RENT (DOLLARS),B25060_001,1
AGGREGATE EARNINGS IN THE PAST 12 MONTHS (IN 2009 INFLATION-ADJUSTED DOLLARS) BY SEX BY WORK EXPERIENCE FOR THE POPULATION 16 YEARS AND OVER WITH EARNINGS,B20003_001,1
AGGREGATE EARNINGS IN THE PAST 12 MONTHS (IN 2009 INFLATION-ADJUSTED DOLLARS) FOR HOUSEHOLDS,B19061_001,1
AGGREGATE FAMILY INCOME IN THE PAST 12 MONTHS (IN 2009 INFLATION-ADJUSTED DOLLARS),B19127_001,1
AGGREGATE FAMILY INCOME IN THE PAST 12 MONTHS (IN 2009 INFLATION-ADJUSTED DOLLARS) BY FAMILY TYPE BY AGE OF HOUSEHOLDER,B19130_001,1
AGGREGATE FAMILY INCOME IN THE PAST 12 MONTHS (IN 2009 INFLATION-ADJUSTED DOLLARS) BY FAMILY TYPE BY PRESENCE OF OWN CHILDREN UNDER 18 YEARS,B19128_001,1
AGGREGATE FAMILY INCOME IN THE PAST 12 MONTHS (IN 2009 INFLATION-ADJUSTED DOLLARS) BY NUMBER OF WORKERS IN FAMILY,B19129_001,1
AGGREGATE GROSS RENT (DOLLARS),B25065_001,1
AGGREGATE GROSS RENT (DOLLARS) BY MEALS INCLUDED IN RENT,B25067_001,1
AGGREGATE GROSS RENT (DOLLARS) BY UNITS IN STRUCTURE,B25066_001,1
AGGREGATE GROSS RENT (DOLLARS) BY YEAR HOUSEHOLDER MOVED INTO UNIT,B25114_001,1
AGGREGATE GROSS RENT (DOLLARS) BY YEAR STRUCTURE BUILT,B25112_001,1
AGGREGATE HOUSEHOLD INCOME IN THE PAST 12 MONTHS (IN 2009 INFLATION-ADJUSTED DOLLARS),B19025_001,1
AGGREGATE HOUSEHOLD INCOME IN THE PAST 12 MONTHS (IN 2009 INFLATION-ADJUSTED DOLLARS) (AMERICAN INDIAN AND ALASKA NATIVE ALONE HOUSEHOLDER),B19025C_001,1
AGGREGATE HOUSEHOLD INCOME IN THE PAST 12 MONTHS (IN 2009 INFLATION-ADJUSTED DOLLARS) (ASIAN ALONE HOUSEHOLDER),B19025D_001,1
AGGREGATE HOUSEHOLD INCOME IN THE PAST 12 MONTHS (IN 2009 INFLATION-ADJUSTED DOLLARS) (BLACK OR AFRICAN AMERICAN ALONE HOUSEHOLDER),B19025B_001,1
AGGREGATE HOUSEHOLD INCOME IN THE PAST 12 MONTHS (IN 2009 INFLATION-ADJUSTED DOLLARS) (HISPANIC OR LATINO HOUSEHOLDER),B19025I_001,1
AGGREGATE HOUSEHOLD INCOME IN THE PAST 12 MONTHS (IN 2009 INFLATION-ADJUSTED DOLLARS) (NATIVE HAWAIIAN AND OTHER PACIFIC ISLANDER ALONE HOUSEHOLDER),B19025E_001,1
AGGREGATE HOUSEHOLD INCOME IN THE PAST 12 MONTHS (IN 2009 INFLATION-ADJUSTED DOLLARS) (SOME OTHER RACE ALONE HOUSEHOLDER),B19025F_001,1
AGGREGATE HOUSEHOLD INCOME IN THE PAST 12 MONTHS (IN 2009 INFLATION-ADJUSTED DOLLARS) (TWO OR MORE RACES HOUSEHOLDER),B19025G_001,1
AGGREGATE HOUSEHOLD INCOME IN THE PAST 12 MONTHS (IN 2009 INFLATION-ADJUSTED DOLLARS) (WHITE ALONE HOUSEHOLDER),B19025A_001,1
"AGGREGATE HOUSEHOLD INCOME IN THE PAST 12 MONTHS (IN 2009 INFLATION-ADJUSTED DOLLARS) (WHITE ALONE, NOT HISPANIC OR LATINO HOUSEHOLDER)",B19025H_001,1
AGGREGATE HOUSEHOLD INCOME IN THE PAST 12 MONTHS (IN 2009 INFLATION-ADJUSTED DOLLARS) BY AGE OF HOUSEHOLDER,B19050_001,1
AGGREGATE HOUSEHOLD INCOME IN THE PAST 12 MONTHS (IN 2009 INFLATION-ADJUSTED DOLLARS) BY TENURE AND MORTGAGE STATUS,B25120_001,1
AGGREGATE INCOME DEFICIT (DOLLARS) IN THE PAST 12 MONTHS FOR FAMILIES BY FAMILY TYPE,B17011_001,1
AGGREGATE INCOME DEFICIT (DOLLARS) IN THE PAST 12 MONTHS OF UNRELATED INDIVIDUALS BY SEX,B17008_001,1
AGGREGATE INCOME IN THE PAST 12 MONTHS (IN 2009 INFLATION-ADJUSTED DOLLARS),B19313_001,1
AGGREGATE INCOME IN THE PAST 12 MONTHS (IN 2009 INFLATION-ADJUSTED DOLLARS) FOR THE POPULATION 15 YEARS AND OVER (AMERICAN INDIAN AND ALASKA NATIVE ALONE),B19313C_001,1
AGGREGATE INCOME IN THE PAST 12 MONTHS (IN 2009 INFLATION-ADJUSTED DOLLARS) FOR THE POPULATION 15 YEARS AND OVER (ASIAN ALONE),B19313D_001,1
AGGREGATE INCOME IN THE PAST 12 MONTHS (IN 2009 INFLATION-ADJUSTED DOLLARS) FOR THE POPULATION 15 YEARS AND OVER (BLACK OR AFRICAN AMERICAN ALONE),B19313B_001,1
AGGREGATE INCOME IN THE PAST 12 MONTHS (IN 2009 INFLATION-ADJUSTED DOLLARS) FOR THE POPULATION 15 YEARS AND OVER (HISPANIC OR LATINO),B19313I_001,1
AGGREGATE INCOME IN THE PAST 12 MONTHS (IN 2009 INFLATION-ADJUSTED DOLLARS) FOR THE POPULATION 15 YEARS AND OVER (NATIVE HAWAIIAN AND OTHER PACIFIC ISLANDER ALONE),B19313E_001,1
AGGREGATE INCOME IN THE PAST 12 MONTHS (IN 2009 INFLATION-ADJUSTED DOLLARS) FOR THE POPULATION 15 YEARS AND OVER (SOME OTHER RACE ALONE),B19313F_001,1
AGGREGATE INCOME IN THE PAST 12 MONTHS (IN 2009 INFLATION-ADJUSTED DOLLARS) FOR THE POPULATION 15 YEARS AND OVER (TWO OR MORE RACES),B19313G_001,1
AGGREGATE INCOME IN THE PAST 12 MONTHS (IN 2009 INFLATION-ADJUSTED DOLLARS) FOR THE POPULATION 15 YEARS AND OVER (WHITE ALONE),B19313A_001,1
"AGGREGATE INCOME IN THE PAST 12 MONTHS (IN 2009 INFLATION-ADJUSTED DOLLARS) FOR THE POPULATION 15 YEARS AND OVER (WHITE ALONE, NOT HISPANIC OR LATINO)",B19313H_001,1
"AGGREGATE INTEREST, DIVIDENDS, OR NET RENTAL INCOME IN THE PAST 12 MONTHS (IN 2009 INFLATION-ADJUSTED DOLLARS) FOR HOUSEHOLDS",B19064_001,1
AGGREGATE NONFAMILY HOUSEHOLD INCOME IN THE PAST 12 MONTHS (IN 2009 INFLATION-ADJUSTED DOLLARS),B19214_001,1
AGGREGATE NONFAMILY HOUSEHOLD INCOME IN THE PAST 12 MONTHS (IN 2009 INFLATION-ADJUSTED DOLLARS) BY SEX OF HOUSEHOLDER BY LIVING ALONE BY AGE OF HOUSEHOLDER,B19216_001,1
AGGREGATE NUMBER OF ROOMS,B25019_001,1
AGGREGATE NUMBER OF ROOMS BY TENURE,B25022_001,1
AGGREGATE NUMBER OF ROOMS BY VACANCY STATUS,B25023_001,1
"AGGREGATE NUMBER OF VEHICLES (CAR, TRUCK, OR VAN) USED IN COMMUTING BY WORKERS 16 YEARS AND OVER BY SEX",B08015_001,1
AGGREGATE NUMBER OF VEHICLES AVAILABLE BY TENURE,B25046_001,1
AGGREGATE OTHER TYPES OF INCOME IN THE PAST 12 MONTHS (IN 2009 INFLATION-ADJUSTED DOLLARS) FOR HOUSEHOLDS,B19070_001,1
AGGREGATE PRICE ASKED (DOLLARS),B25086_001,1
AGGREGATE PUBLIC ASSISTANCE INCOME IN THE PAST 12 MONTHS (IN 2009 INFLATION-ADJUSTED DOLLARS) FOR HOUSEHOLDS,B19067_001,1
AGGREGATE RENT ASKED (DOLLARS),B25062_001,1
AGGREGATE RETIREMENT INCOME IN THE PAST 12 MONTHS (IN 2009 INFLATION-ADJUSTED DOLLARS) FOR HOUSEHOLDS,B19069_001,1
AGGREGATE SELECTED MONTHLY OWNER COSTS (DOLLARS) BY MORTGAGE STATUS,B25089_001,1
AGGREGATE SELF-EMPLOYMENT INCOME IN THE PAST 12 MONTHS (IN 2009 INFLATION-ADJUSTED DOLLARS) FOR HOUSEHOLDS,B19063_001,1
AGGREGATE SOCIAL SECURITY INCOME IN THE PAST 12 MONTHS (IN 2009 INFLATION-ADJUSTED DOLLARS) FOR HOUSEHOLDS,B19065_001,1
AGGREGATE SUPPLEMENTAL SECURITY INCOME (SSI) IN THE PAST 12 MONTHS (IN 2009 INFLATION-ADJUSTED DOLLARS) FOR HOUSEHOLDS,B19066_001,1
AGGREGATE TRAVEL TIME TO WORK (IN MINUTES) OF WORKERS BY MEANS OF TRANSPORTATION TO WORK,C08136_001,1
AGGREGATE TRAVEL TIME TO WORK (IN MINUTES) OF WORKERS BY MEANS OF TRANSPORTATION TO WORK FOR WORKPLACE GEOGRAPHY,B08536_001,1
AGGREGATE TRAVEL TIME TO WORK (IN MINUTES) OF WORKERS BY PLACE OF WORK--STATE AND COUNTY LEVEL,B08131_001,1
AGGREGATE TRAVEL TIME TO WORK (IN MINUTES) OF WORKERS BY SEX,B08013_001,1
AGGREGATE TRAVEL TIME TO WORK (IN MINUTES) OF WORKERS BY TIME LEAVING HOME TO GO TO WORK,B08133_001,1
AGGREGATE TRAVEL TIME TO WORK (IN MINUTES) OF WORKERS BY TRAVEL TIME TO WORK,B08135_001,1
AGGREGATE USUAL HOURS WORKED IN THE PAST 12 MONTHS BY SEX FOR WORKERS 16 TO 64 YEARS,B23018_001,1
AGGREGATE VALUE (DOLLARS) BY AGE OF HOUSEHOLDER,B25079_001,1
AGGREGATE VALUE (DOLLARS) BY MORTGAGE STATUS,B25082_001,1
AGGREGATE VALUE (DOLLARS) BY UNITS IN STRUCTURE,B25080_001,1
AGGREGATE VALUE (DOLLARS) BY YEAR HOUSEHOLDER MOVED INTO UNIT,B25110_001,1
AGGREGATE VALUE (DOLLARS) BY YEAR STRUCTURE BUILT,B25108_001,1
AGGREGATE WAGE OR SALARY INCOME IN THE PAST 12 MONTHS (IN 2009 INFLATION-ADJUSTED DOLLARS) FOR HOUSEHOLDS,B19062_001,1
AMERICAN INDIAN AND ALASKA NATIVE ALONE FOR SELECTED TRIBAL GROUPINGS,B02005_001,1
AMERICAN INDIAN AND ALASKA NATIVE ALONE OR IN COMBINATION WITH ONE OR MORE OTHER RACES,B02010_001,1
ANCESTRY,B04007_001,1
ASIAN ALONE BY SELECTED GROUPS,B02006_001,1
ASIAN ALONE OR IN COMBINATION WITH ONE OR MORE OTHER RACES,B02011_001,1
AVERAGE HOUSEHOLD SIZE OF OCCUPIED HOUSING UNITS BY TENURE,B25010_001,1
BEDROOMS,B25041_001,1
BEDROOMS BY GROSS RENT,B25068_001,1
BLACK OR AFRICAN AMERICAN ALONE OR IN COMBINATION WITH ONE OR MORE OTHER RACES,B02009_001,1
CITIZENSHIP STATUS BY AGE BY LANGUAGE SPOKEN AT HOME FOR THE POPULATION 5 YEARS AND OVER,B16008_001,1
CITIZENSHIP STATUS BY GRANDPARENTS RESPONSIBLE FOR OWN GRANDCHILDREN UNDER 18 YEARS BY AGE OF GRANDPARENT,B10053_001,1
CITIZENSHIP STATUS IN PUERTO RICO,B05001PR_001,1
CITIZENSHIP STATUS IN THE UNITED STATES,B05001_001,1
CLASS OF WORKER  BY MEDIAN EARNINGS IN THE PAST 12 MONTHS (IN 2009 INFLATION-ADJUSTED DOLLARS) FOR THE CIVILIAN EMPLOYED POPULATION 16 YEARS AND OVER,B24081_001,1
"CLASS OF WORKER BY MEDIAN EARNINGS IN THE PAST 12 MONTHS (IN 2009 INFLATION-ADJUSTED DOLLARS) FOR THE FULL-TIME, YEAR-ROUND CIVILIAN EMPLOYED POPULATION 16 YEARS AND OVER",B24091_001,1
CONTRACT RENT,B25056_001,1
"DETAILED OCCUPATION BY MEDIAN EARNINGS IN THE PAST 12 MONTHS (IN 2009 INFLATION-ADJUSTED DOLLARS) FOR THE FULL-TIME, YEAR-ROUND CIVILIAN EMPLOYED FEMALE POPULATION 16 YEARS AND OVER",B24123_001,1
"DETAILED OCCUPATION BY MEDIAN EARNINGS IN THE PAST 12 MONTHS (IN 2009 INFLATION-ADJUSTED DOLLARS) FOR THE FULL-TIME, YEAR-ROUND CIVILIAN EMPLOYED MALE POPULATION 16 YEARS AND OVER",B24122_001,1
"DETAILED OCCUPATION BY MEDIAN EARNINGS IN THE PAST 12 MONTHS (IN 2009 INFLATION-ADJUSTED DOLLARS) FOR THE FULL-TIME, YEAR-ROUND CIVILIAN EMPLOYED POPULATION 16 YEARS AND OVER",B24121_001,1
"DETAILED OCCUPATION FOR THE FULL-TIME, YEAR-ROUND CIVILIAN EMPLOYED FEMALE POPULATION 16 YEARS AND OVER",B24126_001,1
"DETAILED OCCUPATION FOR THE FULL-TIME, YEAR-ROUND CIVILIAN EMPLOYED MALE POPULATION 16 YEARS AND OVER",B24125_001,1
"DETAILED OCCUPATION FOR THE FULL-TIME, YEAR-ROUND CIVILIAN EMPLOYED POPULATION 16 YEARS AND OVER",B24124_001,1
EARNINGS IN THE PAST 12 MONTHS FOR HOUSEHOLDS,B19051_001,1
EDUCATIONAL ATTAINMENT AND EMPLOYMENT STATUS BY LANGUAGE SPOKEN AT HOME FOR THE POPULATION 25 YEARS AND OVER,B16010_001,1
EDUCATIONAL ATTAINMENT BY EMPLOYMENT STATUS FOR THE POPULATION 25 TO 64 YEARS,B23006_001,1
EMPLOYMENT STATUS OF GRANDPARENTS LIVING WITH OWN GRANDCHILDREN UNDER 18 YEARS BY RESPONSIBILITY FOR OWN GRANDCHILDREN AND AGE OF GRANDPARENT,B10058_001,1
FAMILY INCOME IN THE PAST 12 MONTHS (IN 2009 INFLATION-ADJUSTED DOLLARS),B19101_001,1
FAMILY INCOME IN THE PAST 12 MONTHS (IN 2009 INFLATION-ADJUSTED DOLLARS) (AMERICAN INDIAN AND ALASKA NATIVE ALONE HOUSEHOLDER),B19101C_001,1
FAMILY INCOME IN THE PAST 12 MONTHS (IN 2009 INFLATION-ADJUSTED DOLLARS) (ASIAN ALONE HOUSEHOLDER),B19101D_001,1
FAMILY INCOME IN THE PAST 12 MONTHS (IN 2009 INFLATION-ADJUSTED DOLLARS) (BLACK OR AFRICAN AMERICAN ALONE HOUSEHOLDER),B19101B_001,1
FAMILY INCOME IN THE PAST 12 MONTHS (IN 2009 INFLATION-ADJUSTED DOLLARS) (HISPANIC OR LATINO HOUSEHOLDER),B19101I_001,1
FAMILY INCOME IN THE PAST 12 MONTHS (IN 2009 INFLATION-ADJUSTED DOLLARS) (NATIVE HAWAIIAN AND OTHER PACIFIC ISLANDER ALONE HOUSEHOLDER),B19101E_001,1
FAMILY INCOME IN THE PAST 12 MONTHS (IN 2009 INFLATION-ADJUSTED DOLLARS) (SOME OTHER RACE ALONE HOUSEHOLDER),B19101F_001,1
FAMILY INCOME IN THE PAST 12 MONTHS (IN 2009 INFLATION-ADJUSTED DOLLARS) (TWO OR MORE RACES HOUSEHOLDER),B19101G_001,1
FAMILY INCOME IN THE PAST 12 MONTHS (IN 2009 INFLATION-ADJUSTED DOLLARS) (WHITE ALONE HOUSEHOLDER),B19101A_001,1
"FAMILY INCOME IN THE PAST 12 MONTHS (IN 2009 INFLATION-ADJUSTED DOLLARS) (WHITE ALONE, NOT HISPANIC OR LATINO HOUSEHOLDER)",B19101H_001,1
FAMILY TYPE BY PRESENCE AND AGE OF OWN CHILDREN UNDER 18 YEARS,B11003_001,1
FAMILY TYPE BY PRESENCE AND AGE OF RELATED CHILDREN UNDER 18 YEARS,B11004_001,1
FAMILY TYPE BY PRESENCE OF OWN CHILDREN UNDER 18 YEARS BY FAMILY INCOME IN THE PAST 12 MONTHS (IN 2009 INFLATION-ADJUSTED DOLLARS),B19131_001,1
FIRST ANCESTRY REPORTED,B04001_001,1
GEOGRAPHICAL MOBILITY IN THE PAST YEAR BY AGE FOR CURRENT RESIDENCE IN PUERTO RICO,B07001PR_001,1
GEOGRAPHICAL MOBILITY IN THE PAST YEAR BY AGE FOR CURRENT RESIDENCE IN THE UNITED STATES,B07001_001,1
GEOGRAPHICAL MOBILITY IN THE PAST YEAR BY AGE FOR RESIDENCE 1 YEAR AGO IN PUERTO RICO,B07401PR_001,1
GEOGRAPHICAL MOBILITY IN THE PAST YEAR BY AGE FOR RESIDENCE 1 YEAR AGO IN THE UNITED STATES,B07401_001,1
GEOGRAPHICAL MOBILITY IN THE PAST YEAR BY CITIZENSHIP STATUS FOR CURRENT RESIDENCE IN PUERTO RICO,B07007PR_001,1
GEOGRAPHICAL MOBILITY IN THE PAST YEAR BY CITIZENSHIP STATUS FOR CURRENT RESIDENCE IN THE UNITED STATES,B07007_001,1
GEOGRAPHICAL MOBILITY IN THE PAST YEAR BY CITIZENSHIP STATUS FOR RESIDENCE 1 YEAR AGO IN PUERTO RICO,B07407PR_001,1
GEOGRAPHICAL MOBILITY IN THE PAST YEAR BY CITIZENSHIP STATUS FOR RESIDENCE 1 YEAR AGO IN THE UNITED STATES,B07407_001,1
GEOGRAPHICAL MOBILITY IN THE PAST YEAR BY EDUCATIONAL ATTAINMENT FOR CURRENT RESIDENCE IN PUERTO RICO,B07009PR_001,1
GEOGRAPHICAL MOBILITY IN THE PAST YEAR BY EDUCATIONAL ATTAINMENT FOR CURRENT RESIDENCE IN THE UNITED STATES,B07009_001,1
GEOGRAPHICAL MOBILITY IN THE PAST YEAR BY EDUCATIONAL ATTAINMENT FOR RESIDENCE 1 YEAR AGO IN PUERTO RICO,B07409PR_001,1
GEOGRAPHICAL MOBILITY IN THE PAST YEAR BY EDUCATIONAL ATTAINMENT FOR RESIDENCE 1 YEAR AGO IN THE UNITED STATES,B07409_001,1
GEOGRAPHICAL MOBILITY IN THE PAST YEAR BY INDIVIDUAL INCOME IN THE PAST 12 MONTHS (IN 2009 INFLATION-ADJUSTED DOLLARS) FOR CURRENT RESIDENCE IN PUERTO RICO,B07010PR_001,1
GEOGRAPHICAL MOBILITY IN THE PAST YEAR BY INDIVIDUAL INCOME IN THE PAST 12 MONTHS (IN 2009 INFLATION-ADJUSTED DOLLARS) FOR CURRENT RESIDENCE IN THE UNITED STATES,B07010_001,1
GEOGRAPHICAL MOBILITY IN THE PAST YEAR BY INDIVIDUAL INCOME IN THE PAST 12 MONTHS (IN 2009 INFLATION-ADJUSTED DOLLARS) FOR RESIDENCE 1 YEAR AGO IN PUERTO RICO,B07410PR_001,1
GEOGRAPHICAL MOBILITY IN THE PAST YEAR BY INDIVIDUAL INCOME IN THE PAST 12 MONTHS (IN 2009 INFLATION-ADJUSTED DOLLARS) FOR RESIDENCE 1 YEAR AGO IN THE UNITED STATES,B07410_001,1
GEOGRAPHICAL MOBILITY IN THE PAST YEAR BY MARITAL STATUS FOR CURRENT RESIDENCE IN PUERTO RICO,B07008PR_001,1
GEOGRAPHICAL MOBILITY IN THE PAST YEAR BY MARITAL STATUS FOR CURRENT RESIDENCE IN THE UNITED STATES,B07008_001,1
GEOGRAPHICAL MOBILITY IN THE PAST YEAR BY MARITAL STATUS FOR RESIDENCE 1 YEAR AGO IN PUERTO RICO,B07408PR_001,1
GEOGRAPHICAL MOBILITY IN THE PAST YEAR BY MARITAL STATUS FOR RESIDENCE 1 YEAR AGO IN THE UNITED STATES,B07408_001,1
GEOGRAPHICAL MOBILITY IN THE PAST YEAR BY POVERTY STATUS IN THE PAST 12 MONTHS FOR CURRENT RESIDENCE IN PUERTO RICO,B07012PR_001,1
GEOGRAPHICAL MOBILITY IN THE PAST YEAR BY POVERTY STATUS IN THE PAST 12 MONTHS FOR CURRENT RESIDENCE IN THE UNITED STATES,B07012_001,1
GEOGRAPHICAL MOBILITY IN THE PAST YEAR BY POVERTY STATUS IN THE PAST 12 MONTHS FOR RESIDENCE 1 YEAR AGO IN PUERTO RICO,B07412PR_001,1
GEOGRAPHICAL MOBILITY IN THE PAST YEAR BY POVERTY STATUS IN THE PAST 12 MONTHS FOR RESIDENCE 1 YEAR AGO IN THE UNITED STATES,B07412_001,1
GEOGRAPHICAL MOBILITY IN THE PAST YEAR BY RACE (AMERICAN INDIAN AND ALASKA NATIVE ALONE) FOR CURRENT RESIDENCE IN PUERTO RICO,B07004CPR_001,1
GEOGRAPHICAL MOBILITY IN THE PAST YEAR BY RACE (AMERICAN INDIAN AND ALASKA NATIVE ALONE) FOR CURRENT RESIDENCE IN THE UNITED STATES,B07004C_001,1
GEOGRAPHICAL MOBILITY IN THE PAST YEAR BY RACE (AMERICAN INDIAN AND ALASKA NATIVE ALONE) FOR RESIDENCE 1 YEAR AGO IN PUERTO RICO,B07404CPR_001,1
GEOGRAPHICAL MOBILITY IN THE PAST YEAR BY RACE (AMERICAN INDIAN AND ALASKA NATIVE ALONE) FOR RESIDENCE 1 YEAR AGO IN THE UNITED STATES,B07404C_001,1
GEOGRAPHICAL MOBILITY IN THE PAST YEAR BY RACE (ASIAN ALONE) FOR CURRENT RESIDENCE IN PUERTO RICO,B07004DPR_001,1
GEOGRAPHICAL MOBILITY IN THE PAST YEAR BY RACE (ASIAN ALONE) FOR CURRENT RESIDENCE IN THE UNITED STATES,B07004D_001,1
GEOGRAPHICAL MOBILITY IN THE PAST YEAR BY RACE (ASIAN ALONE) FOR RESIDENCE 1 YEAR AGO IN PUERTO RICO,B07404DPR_001,1
GEOGRAPHICAL MOBILITY IN THE PAST YEAR BY RACE (ASIAN ALONE) FOR RESIDENCE 1 YEAR AGO IN THE UNITED STATES,B07404D_001,1
GEOGRAPHICAL MOBILITY IN THE PAST YEAR BY RACE (BLACK OR AFRICAN AMERICAN ALONE) FOR CURRENT RESIDENCE IN PUERTO RICO,B07004BPR_001,1
GEOGRAPHICAL MOBILITY IN THE PAST YEAR BY RACE (BLACK OR AFRICAN AMERICAN ALONE) FOR CURRENT RESIDENCE IN THE UNITED STATES,B07004B_001,1
GEOGRAPHICAL MOBILITY IN THE PAST YEAR BY RACE (BLACK OR AFRICAN AMERICAN ALONE) FOR RESIDENCE 1 YEAR AGO IN PUERTO RICO,B07404BPR_001,1
GEOGRAPHICAL MOBILITY IN THE PAST YEAR BY RACE (BLACK OR AFRICAN AMERICAN ALONE) FOR RESIDENCE 1 YEAR AGO IN THE UNITED STATES,B07404B_001,1
GEOGRAPHICAL MOBILITY IN THE PAST YEAR BY RACE (HISPANIC OR LATINO) FOR CURRENT RESIDENCE IN PUERTO RICO,B07004IPR_001,1
GEOGRAPHICAL MOBILITY IN THE PAST YEAR BY RACE (HISPANIC OR LATINO) FOR CURRENT RESIDENCE IN THE UNITED STATES,B07004I_001,1
GEOGRAPHICAL MOBILITY IN THE PAST YEAR BY RACE (HISPANIC OR LATINO) FOR RESIDENCE 1 YEAR AGO IN PUERTO RICO,B07404IPR_001,1
GEOGRAPHICAL MOBILITY IN THE PAST YEAR BY RACE (HISPANIC OR LATINO) FOR RESIDENCE 1 YEAR AGO IN THE UNITED STATES,B07404I_001,1
GEOGRAPHICAL MOBILITY IN THE PAST YEAR BY RACE (NATIVE HAWAIIAN AND OTHER PACIFIC ISLANDER ALONE) FOR CURRENT RESIDENCE IN PUERTO RICO,B07004EPR_001,1
GEOGRAPHICAL MOBILITY IN THE PAST YEAR BY RACE (NATIVE HAWAIIAN AND OTHER PACIFIC ISLANDER ALONE) FOR CURRENT RESIDENCE IN THE UNITED STATES,B07004E_001,1
GEOGRAPHICAL MOBILITY IN THE PAST YEAR BY RACE (NATIVE HAWAIIAN AND OTHER PACIFIC ISLANDER ALONE) FOR RESIDENCE 1 YEAR AGO IN PUERTO RICO,B07404EPR_001,1
GEOGRAPHICAL MOBILITY IN THE PAST YEAR BY RACE (NATIVE HAWAIIAN AND OTHER PACIFIC ISLANDER ALONE) FOR RESIDENCE 1 YEAR AGO IN THE UNITED STATES,B07404E_001,1
GEOGRAPHICAL MOBILITY IN THE PAST YEAR BY RACE (SOME OTHER RACE ALONE) FOR CURRENT RESIDENCE IN PUERTO RICO,B07004FPR_001,1
GEOGRAPHICAL MOBILITY IN THE PAST YEAR BY RACE (SOME OTHER RACE ALONE) FOR CURRENT RESIDENCE IN THE UNITED STATES,B07004F_001,1
GEOGRAPHICAL MOBILITY IN THE PAST YEAR BY RACE (SOME OTHER RACE ALONE) FOR RESIDENCE 1 YEAR AGO IN PUERTO RICO,B07404FPR_001,1
GEOGRAPHICAL MOBILITY IN THE PAST YEAR BY RACE (SOME OTHER RACE ALONE) FOR RESIDENCE 1 YEAR AGO IN THE UNITED STATES,B07404F_001,1
GEOGRAPHICAL MOBILITY IN THE PAST YEAR BY RACE (TWO OR MORE RACES) FOR CURRENT RESIDENCE IN PUERTO RICO,B07004GPR_001,1
GEOGRAPHICAL MOBILITY IN THE PAST YEAR BY RACE (TWO OR MORE RACES) FOR CURRENT RESIDENCE IN THE UNITED STATES,B07004G_001,1
GEOGRAPHICAL MOBILITY IN THE PAST YEAR BY RACE (TWO OR MORE RACES) FOR RESIDENCE 1 YEAR AGO IN PUERTO RICO,B07404GPR_001,1
GEOGRAPHICAL MOBILITY IN THE PAST YEAR BY RACE (TWO OR MORE RACES) FOR RESIDENCE 1 YEAR AGO IN THE UNITED STATES,B07404G_001,1
GEOGRAPHICAL MOBILITY IN THE PAST YEAR BY RACE (WHITE ALONE) FOR CURRENT RESIDENCE IN PUERTO RICO,B07004APR_001,1
GEOGRAPHICAL MOBILITY IN THE PAST YEAR BY RACE (WHITE ALONE) FOR CURRENT RESIDENCE IN THE UNITED STATES,B07004A_001,1
GEOGRAPHICAL MOBILITY IN THE PAST YEAR BY RACE (WHITE ALONE) FOR RESIDENCE 1 YEAR AGO IN PUERTO RICO,B07404APR_001,1
GEOGRAPHICAL MOBILITY IN THE PAST YEAR BY RACE (WHITE ALONE) FOR RESIDENCE 1 YEAR AGO IN THE UNITED STATES,B07404A_001,1
"GEOGRAPHICAL MOBILITY IN THE PAST YEAR BY RACE (WHITE ALONE, NOT HISPANIC OR LATINO) FOR CURRENT RESIDENCE IN PUERTO RICO",B07004HPR_001,1
"GEOGRAPHICAL MOBILITY IN THE PAST YEAR BY RACE (WHITE ALONE, NOT HISPANIC OR LATINO) FOR CURRENT RESIDENCE IN THE UNITED STATES",B07004H_001,1
"GEOGRAPHICAL MOBILITY IN THE PAST YEAR BY RACE (WHITE ALONE, NOT HISPANIC OR LATINO) FOR RESIDENCE 1 YEAR AGO IN PUERTO RICO",B07404HPR_001,1
"GEOGRAPHICAL MOBILITY IN THE PAST YEAR BY RACE (WHITE ALONE, NOT HISPANIC OR LATINO) FOR RESIDENCE 1 YEAR AGO IN THE UNITED STATES",B07404H_001,1
GEOGRAPHICAL MOBILITY IN THE PAST YEAR BY SEX FOR CURRENT RESIDENCE IN PUERTO RICO,B07003PR_001,1
GEOGRAPHICAL MOBILITY IN THE PAST YEAR BY SEX FOR CURRENT RESIDENCE IN THE UNITED STATES,B07003_001,1
GEOGRAPHICAL MOBILITY IN THE PAST YEAR BY SEX FOR RESIDENCE 1 YEAR AGO IN PUERTO RICO,B07403PR_001,1
GEOGRAPHICAL MOBILITY IN THE PAST YEAR BY SEX FOR RESIDENCE 1 YEAR AGO IN THE UNITED STATES,B07403_001,1
GEOGRAPHICAL MOBILITY IN THE PAST YEAR BY TENURE FOR CURRENT RESIDENCE IN PUERTO RICO,B07013PR_001,1
GEOGRAPHICAL MOBILITY IN THE PAST YEAR BY TENURE FOR CURRENT RESIDENCE IN THE UNITED STATES,B07013_001,1
GEOGRAPHICAL MOBILITY IN THE PAST YEAR BY TENURE FOR RESIDENCE 1 YEAR AGO IN PUERTO RICO,B07413PR_001,1
GEOGRAPHICAL MOBILITY IN THE PAST YEAR BY TENURE FOR RESIDENCE 1 YEAR AGO IN THE UNITED STATES,B07413_001,1
GEOGRAPHICAL MOBILITY IN THE PAST YEAR FOR CURRENT RESIDENCE--METROPOLITAN STATISTICAL AREA LEVEL IN PUERTO RICO,C07201PR_001,1
GEOGRAPHICAL MOBILITY IN THE PAST YEAR FOR CURRENT RESIDENCE--METROPOLITAN STATISTICAL AREA LEVEL IN THE UNITED STATES,C07201_001,1
GEOGRAPHICAL MOBILITY IN THE PAST YEAR FOR CURRENT RESIDENCE--MICROPOLITAN STATISTICAL AREA LEVEL IN PUERTO RICO,B07202PR_001,1
GEOGRAPHICAL MOBILITY IN THE PAST YEAR FOR CURRENT RESIDENCE--MICROPOLITAN STATISTICAL AREA LEVEL IN THE UNITED STATES,C07202_001,1
GEOGRAPHICAL MOBILITY IN THE PAST YEAR FOR CURRENT RESIDENCE--NOT METROPOLITAN OR MICROPOLITAN STATISTICAL AREA LEVEL IN PUERTO RICO,B07203PR_001,1
GEOGRAPHICAL MOBILITY IN THE PAST YEAR FOR CURRENT RESIDENCE--NOT METROPOLITAN OR MICROPOLITAN STATISTICAL AREA LEVEL IN THE UNITED STATES,C07203_001,1
"GEOGRAPHICAL MOBILITY IN THE PAST YEAR FOR CURRENT RESIDENCE--STATE, COUNTY AND PLACE LEVEL IN PUERTO RICO",B07204PR_001,1
"GEOGRAPHICAL MOBILITY IN THE PAST YEAR FOR CURRENT RESIDENCE--STATE, COUNTY AND PLACE LEVEL IN THE UNITED STATES",B07204_001,1
GINI INDEX OF INCOME INEQUALITY,B19083_001,1
GRANDCHILDREN UNDER 18 YEARS LIVING WITH A GRANDPARENT HOUSEHOLDER BY AGE OF GRANDCHILD,B10001_001,1
GRANDCHILDREN UNDER 18 YEARS LIVING WITH A GRANDPARENT HOUSEHOLDER BY GRANDPARENT RESPONSIBILITY AND PRESENCE OF PARENT,B10002_001,1
GRANDPARENTS LIVING WITH OWN GRANDCHILDREN UNDER 18 YEARS BY RESPONSIBILITY FOR OWN GRANDCHILDREN AND AGE OF GRANDPARENT (AMERICAN INDIAN AND ALASKA NATIVE ALONE),B10051C_001,1
GRANDPARENTS LIVING WITH OWN GRANDCHILDREN UNDER 18 YEARS BY RESPONSIBILITY FOR OWN GRANDCHILDREN AND AGE OF GRANDPARENT (ASIAN ALONE),B10051D_001,1
GRANDPARENTS LIVING WITH OWN GRANDCHILDREN UNDER 18 YEARS BY RESPONSIBILITY FOR OWN GRANDCHILDREN AND AGE OF GRANDPARENT (BLACK OR AFRICAN AMERICAN ALONE),B10051B_001,1
GRANDPARENTS LIVING WITH OWN GRANDCHILDREN UNDER 18 YEARS BY RESPONSIBILITY FOR OWN GRANDCHILDREN AND AGE OF GRANDPARENT (HISPANIC OR LATINO),B10051I_001,1
GRANDPARENTS LIVING WITH OWN GRANDCHILDREN UNDER 18 YEARS BY RESPONSIBILITY FOR OWN GRANDCHILDREN AND AGE OF GRANDPARENT (NATIVE HAWAIIAN AND OTHER PACIFIC ISLANDER ALONE),B10051E_001,1
GRANDPARENTS LIVING WITH OWN GRANDCHILDREN UNDER 18 YEARS BY RESPONSIBILITY FOR OWN GRANDCHILDREN AND AGE OF GRANDPARENT (SOME OTHER RACE ALONE),B10051F_001,1
GRANDPARENTS LIVING WITH OWN GRANDCHILDREN UNDER 18 YEARS BY RESPONSIBILITY FOR OWN GRANDCHILDREN AND AGE OF GRANDPARENT (TWO OR MORE RACES),B10051G_001,1
GRANDPARENTS LIVING WITH OWN GRANDCHILDREN UNDER 18 YEARS BY RESPONSIBILITY FOR OWN GRANDCHILDREN AND AGE OF GRANDPARENT (WHITE ALONE),B10051A_001,1
"GRANDPARENTS LIVING WITH OWN GRANDCHILDREN UNDER 18 YEARS BY RESPONSIBILITY FOR OWN GRANDCHILDREN AND AGE OF GRANDPARENT (WHITE ALONE, NOT HISPANIC OR LATINO)",B10051H_001,1
GRANDPARENTS LIVING WITH OWN GRANDCHILDREN UNDER 18 YEARS BY RESPONSIBILITY FOR OWN GRANDCHILDREN BY LENGTH OF TIME RESPONSIBLE FOR OWN GRANDCHILDREN FOR THE POPULATION 30 YEARS AND OVER,B10050_001,1
GRANDPARENTS LIVING WITH OWN GRANDCHILDREN UNDER 18 YEARS BY RESPONSIBILITY FOR OWN GRANDCHILDREN BY PRESENCE OF PARENT OF GRANDCHILDREN AND AGE OF GRANDPARENT,B10051_001,1
GROSS RENT,B25063_001,1
GROSS RENT AS A PERCENTAGE OF HOUSEHOLD INCOME IN THE PAST 12 MONTHS,B25070_001,1
GROUP QUARTERS POPULATION,B26001_001,1
GROUP QUARTERS POPULATION COVERAGE RATE,B98014_001,1
GROUP QUARTERS POPULATION RESPONSE AND NONRESPONSE RATES WITH REASONS FOR NONINTERVIEWS,B98022_001,1
HISPANIC OR LATINO ORIGIN,B03003_001,1
HISPANIC OR LATINO ORIGIN BY RACE,B03002_001,1
HISPANIC OR LATINO ORIGIN BY SPECIFIC ORIGIN,B03001_001,1
HOUSE HEATING FUEL,B25040_001,1
HOUSEHOLD INCOME BY GROSS RENT AS A PERCENTAGE OF HOUSEHOLD INCOME IN THE PAST 12 MONTHS,B25074_001,1
HOUSEHOLD INCOME BY SELECTED MONTHLY OWNER COSTS AS A PERCENTAGE OF HOUSEHOLD INCOME IN THE PAST 12 MONTHS,C25095_001,1
HOUSEHOLD INCOME IN THE PAST 12 MONTHS (IN 2009 INFLATION-ADJUSTED DOLLARS),B19001_001,1
HOUSEHOLD INCOME IN THE PAST 12 MONTHS (IN 2009 INFLATION-ADJUSTED DOLLARS) (AMERICAN INDIAN AND ALASKA NATIVE ALONE HOUSEHOLDER),B19001C_001,1
HOUSEHOLD INCOME IN THE PAST 12 MONTHS (IN 2009 INFLATION-ADJUSTED DOLLARS) (ASIAN ALONE HOUSEHOLDER),B19001D_001,1
HOUSEHOLD INCOME IN THE PAST 12 MONTHS (IN 2009 INFLATION-ADJUSTED DOLLARS) (BLACK OR AFRICAN AMERICAN ALONE HOUSEHOLDER),B19001B_001,1
HOUSEHOLD INCOME IN THE PAST 12 MONTHS (IN 2009 INFLATION-ADJUSTED DOLLARS) (HISPANIC OR LATINO HOUSEHOLDER),B19001I_001,1
HOUSEHOLD INCOME IN THE PAST 12 MONTHS (IN 2009 INFLATION-ADJUSTED DOLLARS) (NATIVE HAWAIIAN AND OTHER PACIFIC ISLANDER ALONE HOUSEHOLDER),B19001E_001,1
HOUSEHOLD INCOME IN THE PAST 12 MONTHS (IN 2009 INFLATION-ADJUSTED DOLLARS) (SOME OTHER RACE ALONE HOUSEHOLDER),B19001F_001,1
HOUSEHOLD INCOME IN THE PAST 12 MONTHS (IN 2009 INFLATION-ADJUSTED DOLLARS) (TWO OR MORE RACES HOUSEHOLDER),B19001G_001,1
HOUSEHOLD INCOME IN THE PAST 12 MONTHS (IN 2009 INFLATION-ADJUSTED DOLLARS) (WHITE ALONE HOUSEHOLDER),B19001A_001,1
"HOUSEHOLD INCOME IN THE PAST 12 MONTHS (IN 2009 INFLATION-ADJUSTED DOLLARS) (WHITE ALONE, NOT HISPANIC OR LATINO HOUSEHOLDER)",B19001H_001,1
HOUSEHOLD INCOME IN THE PAST 12 MONTHS (IN 2009 INFLATION-ADJUSTED DOLLARS) BY GROSS RENT,B25122_001,1
HOUSEHOLD INCOME IN THE PAST 12 MONTHS (IN 2009 INFLATION-ADJUSTED DOLLARS) BY VALUE,B25121_001,1
HOUSEHOLD INCOME QUINTILE UPPER LIMITS,B19080_001,1
HOUSEHOLD LANGUAGE BY LINGUISTIC ISOLATION,B16002_001,1
HOUSEHOLD SIZE BY NUMBER OF WORKERS IN HOUSEHOLD,B08202_001,1
HOUSEHOLD SIZE BY VEHICLES AVAILABLE,B08201_001,1
HOUSEHOLD TYPE (INCLUDING LIVING ALONE),B11001_001,1
HOUSEHOLD TYPE (INCLUDING LIVING ALONE) (AMERICAN INDIAN AND ALASKA NATIVE ALONE),B11001C_001,1
HOUSEHOLD TYPE (INCLUDING LIVING ALONE) (ASIAN ALONE),B11001D_001,1
HOUSEHOLD TYPE (INCLUDING LIVING ALONE) (BLACK OR AFRICAN AMERICAN ALONE),B11001B_001,1
HOUSEHOLD TYPE (INCLUDING LIVING ALONE) (HISPANIC OR LATINO),B11001I_001,1
HOUSEHOLD TYPE (INCLUDING LIVING ALONE) (NATIVE HAWAIIAN AND OTHER PACIFIC ISLANDER ALONE),B11001E_001,1
HOUSEHOLD TYPE (INCLUDING LIVING ALONE) (SOME OTHER RACE ALONE),B11001F_001,1
HOUSEHOLD TYPE (INCLUDING LIVING ALONE) (TWO OR MORE RACES),B11001G_001,1
HOUSEHOLD TYPE (INCLUDING LIVING ALONE) (WHITE ALONE),B11001A_001,1
"HOUSEHOLD TYPE (INCLUDING LIVING ALONE) (WHITE ALONE, NOT HISPANIC OR LATINO)",B11001H_001,1
HOUSEHOLD TYPE (INCLUDING LIVING ALONE) BY RELATIONSHIP,B09016_001,1
HOUSEHOLD TYPE BY HOUSEHOLD SIZE,B11016_001,1
HOUSEHOLD TYPE BY RELATIVES AND NONRELATIVES FOR POPULATION IN HOUSEHOLDS,B11002_001,1
HOUSEHOLD TYPE BY RELATIVES AND NONRELATIVES FOR POPULATION IN HOUSEHOLDS (AMERICAN INDIAN AND ALASKA NATIVE ALONE),B11002C_001,1
HOUSEHOLD TYPE BY RELATIVES AND NONRELATIVES FOR POPULATION IN HOUSEHOLDS (ASIAN ALONE),B11002D_001,1
HOUSEHOLD TYPE BY RELATIVES AND NONRELATIVES FOR POPULATION IN HOUSEHOLDS (BLACK OR AFRICAN AMERICAN ALONE),B11002B_001,1
HOUSEHOLD TYPE BY RELATIVES AND NONRELATIVES FOR POPULATION IN HOUSEHOLDS (HISPANIC OR LATINO),B11002I_001,1
HOUSEHOLD TYPE BY RELATIVES AND NONRELATIVES FOR POPULATION IN HOUSEHOLDS (NATIVE HAWAIIAN AND OTHER PACIFIC ISLANDER ALONE),B11002E_001,1
HOUSEHOLD TYPE BY RELATIVES AND NONRELATIVES FOR POPULATION IN HOUSEHOLDS (SOME OTHER RACE ALONE),B11002F_001,1
HOUSEHOLD TYPE BY RELATIVES AND NONRELATIVES FOR POPULATION IN HOUSEHOLDS (TWO OR MORE RACES),B11002G_001,1
HOUSEHOLD TYPE BY RELATIVES AND NONRELATIVES FOR POPULATION IN HOUSEHOLDS (WHITE ALONE),B11002A_001,1
"HOUSEHOLD TYPE BY RELATIVES AND NONRELATIVES FOR POPULATION IN HOUSEHOLDS (WHITE ALONE, NOT HISPANIC OR LATINO)",B11002H_001,1
HOUSEHOLD TYPE BY TENURE,B11012_001,1
HOUSEHOLD TYPE BY UNITS IN STRUCTURE,B11011_001,1
"HOUSEHOLD TYPE FOR CHILDREN UNDER 18 YEARS IN HOUSEHOLDS (EXCLUDING HOUSEHOLDERS, SPOUSES, AND UNMARRIED PARTNERS)",B09005_001,1
HOUSEHOLDS BY PRESENCE OF NONRELATIVES,B11015_001,1
HOUSEHOLDS BY PRESENCE OF PEOPLE 60 YEARS AND OVER BY HOUSEHOLD TYPE,B11006_001,1
"HOUSEHOLDS BY PRESENCE OF PEOPLE 65 YEARS AND OVER, HOUSEHOLD SIZE AND HOUSEHOLD TYPE",B11007_001,1
HOUSEHOLDS BY PRESENCE OF PEOPLE UNDER 18 YEARS BY HOUSEHOLD TYPE,B11005_001,1
HOUSEHOLDS WITH GRANDPARENTS LIVING WITH OWN GRANDCHILDREN UNDER 18 YEARS BY RESPONSIBILITY FOR OWN GRANDCHILDREN AND PRESENCE OF PARENT OF GRANDCHILDREN,B10063_001,1
HOUSING UNIT COVERAGE RATE,B98011_001,1
HOUSING UNIT RESPONSE AND NONRESPONSE RATES WITH REASONS FOR NONINTERVIEWS,B98021_001,1
HOUSING UNITS,B25001_001,1
IMPUTATION OF ABILITY TO SPEAK ENGLISH FOR THE POPULATION 5 YEARS AND OVER,B99163_001,1
IMPUTATION OF AGE,B99012_001,1
IMPUTATION OF BEDROOMS,B99258_001,1
IMPUTATION OF CITIZENSHIP STATUS,B99051_001,1
IMPUTATION OF CLASS OF WORKER FOR THE CIVILIAN EMPLOYED POPULATION 16 YEARS AND OVER,B99243_001,1
"IMPUTATION OF CLASS OF WORKER FOR THE FULL-TIME, YEAR-ROUND CIVILIAN EMPLOYED POPULATION 16 YEARS AND OVER",B99246_001,1
IMPUTATION OF CONTRACT RENT,B992515_001,1
IMPUTATION OF EARNINGS IN THE PAST 12 MONTHS FOR THE POPULATION 16 YEARS AND OVER - PERCENT OF EARNINGS IMPUTED,B99201_001,1
IMPUTATION OF EDUCATIONAL ATTAINMENT FOR THE POPULATION 25 YEARS AND OVER,B99151_001,1
IMPUTATION OF EMPLOYMENT STATUS FOR THE POPULATION 16 YEARS AND OVER,B99231_001,1
IMPUTATION OF FAMILY INCOME IN THE PAST 12 MONTHS -- PERCENT OF INCOME IMPUTED,B99193_001,1
IMPUTATION OF FERTILITY OF WOMEN 15 TO 50 YEARS,B99132_001,1
IMPUTATION OF FOOD STAMPS/SNAP RECEIPT,B99221_001,1
IMPUTATION OF GRADE ENROLLED FOR THE POPULATION 3 YEARS AND OVER ENROLLED IN SCHOOL,B99142_001,1
IMPUTATION OF GRANDPARENTS LIVING WITH GRANDCHILDREN UNDER 18 YEARS,B99102_001,1
IMPUTATION OF GRANDPARENTS RESPONSIBLE FOR GRANDCHILDREN UNDER 18 YEARS,B99103_001,1
IMPUTATION OF GROSS RENT,B992518_001,1
IMPUTATION OF HISPANIC OR LATINO ORIGIN,B99031_001,1
IMPUTATION OF HOUSE HEATING FUEL,B992511_001,1
IMPUTATION OF HOUSEHOLD INCOME IN THE PAST 12 MONTHS - PERCENT OF INCOME IMPUTED,B99192_001,1
IMPUTATION OF INDIVIDUALS' INCOME IN THE PAST 12 MONTHS FOR THE POPULATION 15 YEARS AND OVER - PERCENT OF INCOME IMPUTED,B99191_001,1
IMPUTATION OF INDUSTRY FOR THE CIVILIAN EMPLOYED POPULATION 16 YEARS AND OVER,B99241_001,1
"IMPUTATION OF INDUSTRY FOR THE FULL-TIME, YEAR-ROUND CIVILIAN EMPLOYED POPULATION 16 YEARS AND OVER",B99244_001,1
IMPUTATION OF KITCHEN FACILITIES,B992510_001,1
IMPUTATION OF LANGUAGE SPOKEN AT HOME FOR THE POPULATION 5 YEARS AND OVER,B99162_001,1
IMPUTATION OF LANGUAGE STATUS FOR THE POPULATION 5 YEARS AND OVER,B99161_001,1
IMPUTATION OF LENGTH OF TIME GRANDPARENT RESPONSIBLE FOR OWN GRANDCHILDREN UNDER 18 YEARS FOR THE POPULATION 30 YEARS AND OVER,B99104_001,1
IMPUTATION OF MARITAL STATUS FOR FEMALES 15 TO 50 YEARS,B99131_001,1
IMPUTATION OF MARITAL STATUS FOR THE POPULATION 15 YEARS AND OVER,B99121_001,1
IMPUTATION OF MEALS INCLUDED IN RENT,B992514_001,1
IMPUTATION OF MEANS OF TRANSPORTATION TO WORK,B99080_001,1
IMPUTATION OF MEANS OF TRANSPORTATION TO WORK FOR WORKPLACE GEOGRAPHY,B99086_001,1
IMPUTATION OF MOBILITY STATUS FOR THE POPULATION 1 YEAR AND OVER,B99071_001,1
IMPUTATION OF MORTGAGE STATUS,B992521_001,1
IMPUTATION OF MORTGAGE STATUS AND SELECTED MONTHLY OWNER COSTS,B992522_001,1
IMPUTATION OF NONFAMILY HOUSEHOLD INCOME IN THE PAST 12 MONTHS -- PERCENT OF INCOME IMPUTED,B99194_001,1
IMPUTATION OF OCCUPATION FOR THE CIVILIAN EMPLOYED POPULATION 16 YEARS AND OVER,B99242_001,1
"IMPUTATION OF OCCUPATION FOR THE FULL-TIME, YEAR-ROUND CIVILIAN EMPLOYED POPULATION 16 YEARS AND OVER",B99245_001,1
IMPUTATION OF PERIOD OF MILITARY SERVICE FOR CIVILIAN VETERANS 18 YEARS AND OVER,B99212_001,1
IMPUTATION OF PLACE OF BIRTH,B99061_001,1
IMPUTATION OF PLACE OF WORK,B99081_001,1
IMPUTATION OF PLUMBING FACILITIES,B99259_001,1
IMPUTATION OF POVERTY STATUS IN THE PAST 12 MONTHS FOR FAMILIES,B99172_001,1
IMPUTATION OF POVERTY STATUS IN THE PAST 12 MONTHS FOR UNRELATED INDIVIDUALS,B99171_001,1
IMPUTATION OF PRICE ASKED,B992520_001,1
IMPUTATION OF PRIVATE VEHICLE OCCUPANCY,B99082_001,1
IMPUTATION OF RACE,B99021_001,1
IMPUTATION OF RELATIONSHIP,B99092_001,1
IMPUTATION OF RENT ASKED,B992516_001,1
IMPUTATION OF RESIDENCE 1 YEAR AGO FOR THE POPULATION 1 YEAR AND OVER,B99072_001,1
IMPUTATION OF ROOMS,B99254_001,1
IMPUTATION OF SCHOOL ENROLLMENT FOR THE POPULATION 3 YEARS AND OVER,B99141_001,1
IMPUTATION OF SELECTED MONTHLY OWNER COSTS FOR OWNER-OCCUPIED HOUSING UNITS,B992523_001,1
IMPUTATION OF SEX,B99011_001,1
IMPUTATION OF TELEPHONE SERVICE AVAILABLE,B992513_001,1
IMPUTATION OF TENURE,B99252_001,1
IMPUTATION OF TIME ARRIVING AT WORK FROM HOME FOR WORKPLACE GEOGRAPHY,B99087_001,1
IMPUTATION OF TIME LEAVING HOME TO GO TO WORK,B99083_001,1
IMPUTATION OF TRAVEL TIME TO WORK,B99084_001,1
IMPUTATION OF TRAVEL TIME TO WORK FOR WORKPLACE GEOGRAPHY,B99088_001,1
IMPUTATION OF UNITS IN STRUCTURE,B99255_001,1
IMPUTATION OF USUAL HOURS WORKED PER WEEK IN THE PAST 12 MONTHS FOR THE POPULATION 16 YEARS AND OVER,B99233_001,1
IMPUTATION OF VACANCY STATUS,B99253_001,1
IMPUTATION OF VALUE,B992519_001,1
IMPUTATION OF VEHICLES AVAILABLE,B992512_001,1
IMPUTATION OF VEHICLES AVAILABLE FOR WORKERS,B99085_001,1
IMPUTATION OF VEHICLES AVAILABLE FOR WORKERS FOR WORKPLACE GEOGRAPHY,B99089_001,1
IMPUTATION OF VETERAN STATUS FOR THE POPULATION 18 YEARS AND OVER,B99211_001,1
IMPUTATION OF WEEKS WORKED IN THE PAST 12 MONTHS FOR THE POPULATION 16 YEARS AND OVER,B99234_001,1
IMPUTATION OF WORK STATUS IN THE PAST 12 MONTHS FOR THE POPULATION 16 YEARS AND OVER,B99232_001,1
IMPUTATION OF YEAR HOUSEHOLDER MOVED INTO UNIT,B99257_001,1
IMPUTATION OF YEAR OF ENTRY,B99052_001,1
IMPUTATION OF YEAR OF ENTRY FOR POPULATION BORN OUTSIDE PUERTO RICO,B99052PR_001,1
IMPUTATION OF YEAR STRUCTURE BUILT,B99256_001,1
INCLUSION OF UTILITIES IN RENT,B25069_001,1
INDUSTRY BY CLASS OF WORKER FOR THE CIVILIAN EMPLOYED POPULATION 16 YEARS AND OVER,C24070_001,1
INDUSTRY BY MEDIAN EARNINGS IN THE PAST 12 MONTHS (IN 2009 INFLATION-ADJUSTED DOLLARS) FOR THE CIVILIAN EMPLOYED POPULATION 16 YEARS AND OVER,B24031_001,1
"INDUSTRY BY MEDIAN EARNINGS IN THE PAST 12 MONTHS (IN 2009 INFLATION-ADJUSTED DOLLARS) FOR THE FULL-TIME, YEAR-ROUND CIVILIAN EMPLOYED POPULATION 16 YEARS AND OVER",B24041_001,1
INDUSTRY BY OCCUPATION FOR THE CIVILIAN  EMPLOYED POPULATION 16 YEARS AND OVER,C24050_001,1
"INTEREST, DIVIDENDS, OR NET RENTAL INCOME IN THE PAST 12 MONTHS FOR HOUSEHOLDS",B19054_001,1
KITCHEN FACILITIES BY MEALS INCLUDED IN RENT,B25054_001,1
KITCHEN FACILITIES FOR ALL HOUSING UNITS,B25051_001,1
KITCHEN FACILITIES FOR OCCUPIED HOUSING UNITS,B25052_001,1
LANGUAGE AND ABILITY TO SPEAK ENGLISH OF GRANDPARENTS LIVING WITH OWN GRANDCHILDREN UNDER 18 YEARS BY RESPONSIBILITY FOR OWN GRANDCHILDREN AND AGE OF GRANDPARENT,B10054_001,1
LANGUAGE SPOKEN AT HOME BY ABILITY TO SPEAK ENGLISH FOR THE POPULATION 5 YEARS AND OVER,B16001_001,1
LANGUAGE SPOKEN AT HOME BY ABILITY TO SPEAK ENGLISH FOR THE POPULATION 5 YEARS AND OVER (HISPANIC OR LATINO),B16006_001,1
LOWER CONTRACT RENT QUARTILE (DOLLARS),B25057_001,1
LOWER VALUE QUARTILE (DOLLARS),B25076_001,1
MARITAL STATUS BY AGE FOR WOMEN 15 TO 50 YEARS,B13001_001,1
MARITAL STATUS BY GRANDPARENTS LIVING WITH OWN GRANDCHILDREN UNDER 18 YEARS BY RESPONSIBILITY FOR OWN GRANDCHILDREN AND AGE OF GRANDPARENT,B10057_001,1
MARITAL STATUS BY NATIVITY,B12005_001,1
MARITAL STATUS BY SEX BY LABOR FORCE PARTICIPATION,B12006_001,1
MEAN HOUSEHOLD INCOME OF QUINTILES,B19081_001,1
MEAN USUAL HOURS WORKED IN THE PAST 12 MONTHS FOR WORKERS 16 TO 64 YEARS,B23020_001,1
MEANS OF TRANSPORTATION TO WORK,B08301_001,1
MEANS OF TRANSPORTATION TO WORK (AMERICAN INDIAN AND ALASKA NATIVE ALONE),B08105C_001,1
MEANS OF TRANSPORTATION TO WORK (ASIAN ALONE),B08105D_001,1
MEANS OF TRANSPORTATION TO WORK (BLACK OR AFRICAN AMERICAN ALONE),B08105B_001,1
MEANS OF TRANSPORTATION TO WORK (HISPANIC OR LATINO),B08105I_001,1
MEANS OF TRANSPORTATION TO WORK (NATIVE HAWAIIAN AND OTHER PACIFIC ISLANDER ALONE),B08105E_001,1
MEANS OF TRANSPORTATION TO WORK (SOME OTHER RACE ALONE),B08105F_001,1
MEANS OF TRANSPORTATION TO WORK (TWO OR MORE RACES),B08105G_001,1
MEANS OF TRANSPORTATION TO WORK (WHITE ALONE),B08105A_001,1
"MEANS OF TRANSPORTATION TO WORK (WHITE ALONE, NOT HISPANIC OR LATINO)",B08105H_001,1
MEANS OF TRANSPORTATION TO WORK BY AGE,B08101_001,1
MEANS OF TRANSPORTATION TO WORK BY AGE FOR WORKPLACE GEOGRAPHY,B08501_001,1
MEANS OF TRANSPORTATION TO WORK BY CITIZENSHIP STATUS,B08111_001,1
MEANS OF TRANSPORTATION TO WORK BY CITIZENSHIP STATUS FOR WORKPLACE GEOGRAPHY,B08511_001,1
MEANS OF TRANSPORTATION TO WORK BY CLASS OF WORKER,B08128_001,1
MEANS OF TRANSPORTATION TO WORK BY CLASS OF WORKER FOR WORKPLACE GEOGRAPHY,B08528_001,1
MEANS OF TRANSPORTATION TO WORK BY INDUSTRY,B08126_001,1
MEANS OF TRANSPORTATION TO WORK BY INDUSTRY FOR WORKPLACE GEOGRAPHY,B08526_001,1
MEANS OF TRANSPORTATION TO WORK BY LANGUAGE SPOKEN AT HOME AND ABILITY TO SPEAK ENGLISH,B08113_001,1
MEANS OF TRANSPORTATION TO WORK BY LANGUAGE SPOKEN AT HOME AND ABILITY TO SPEAK ENGLISH FOR WORKPLACE GEOGRAPHY,B08513_001,1
MEANS OF TRANSPORTATION TO WORK BY OCCUPATION,B08124_001,1
MEANS OF TRANSPORTATION TO WORK BY OCCUPATION FOR WORKPLACE GEOGRAPHY,B08524_001,1
MEANS OF TRANSPORTATION TO WORK BY PLACE OF WORK--STATE AND COUNTY LEVEL,B08130_001,1
MEANS OF TRANSPORTATION TO WORK BY POVERTY STATUS IN THE PAST 12 MONTHS,B08122_001,1
MEANS OF TRANSPORTATION TO WORK BY POVERTY STATUS IN THE PAST 12 MONTHS FOR WORKPLACE GEOGRAPHY,B08522_001,1
MEANS OF TRANSPORTATION TO WORK BY TENURE,B08137_001,1
MEANS OF TRANSPORTATION TO WORK BY TENURE FOR WORKPLACE GEOGRAPHY,B08537_001,1
MEANS OF TRANSPORTATION TO WORK BY TIME ARRIVING AT WORK FROM HOME FOR WORKPLACE GEOGRAPHY,B08532_001,1
MEANS OF TRANSPORTATION TO WORK BY TIME LEAVING HOME TO GO TO WORK,B08132_001,1
MEANS OF TRANSPORTATION TO WORK BY TRAVEL TIME TO WORK,C08134_001,1
MEANS OF TRANSPORTATION TO WORK BY TRAVEL TIME TO WORK FOR WORKPLACE GEOGRAPHY,B08534_001,1
MEANS OF TRANSPORTATION TO WORK BY VEHICLES AVAILABLE,B08141_001,1
MEANS OF TRANSPORTATION TO WORK BY VEHICLES AVAILABLE FOR WORKPLACE GEOGRAPHY,B08541_001,1
MEANS OF TRANSPORTATION TO WORK BY WORKERS' EARNINGS IN THE PAST 12 MONTHS (IN 2009 INFLATION-ADJUSTED DOLLARS),B08119_001,1
MEANS OF TRANSPORTATION TO WORK BY WORKERS' EARNINGS IN THE PAST 12 MONTHS (IN 2009 INFLATION-ADJUSTED DOLLARS) FOR WORKPLACE GEOGRAPHY,B08519_001,1
MEANS OF TRANSPORTATION TO WORK FOR WORKPLACE GEOGRAPHY,B08601_001,1
MEANS OF TRANSPORTATION TO WORK FOR WORKPLACE GEOGRAPHY (AMERICAN INDIAN AND ALASKA NATIVE ALONE),B08505C_001,1
MEANS OF TRANSPORTATION TO WORK FOR WORKPLACE GEOGRAPHY (ASIAN ALONE),B08505D_001,1
MEANS OF TRANSPORTATION TO WORK FOR WORKPLACE GEOGRAPHY (BLACK OR AFRICAN AMERICAN ALONE),B08505B_001,1
MEANS OF TRANSPORTATION TO WORK FOR WORKPLACE GEOGRAPHY (HISPANIC OR LATINO),B08505I_001,1
MEANS OF TRANSPORTATION TO WORK FOR WORKPLACE GEOGRAPHY (NATIVE HAWAIIAN AND OTHER PACIFIC ISLANDER ALONE),B08505E_001,1
MEANS OF TRANSPORTATION TO WORK FOR WORKPLACE GEOGRAPHY (SOME OTHER RACE ALONE),B08505F_001,1
MEANS OF TRANSPORTATION TO WORK FOR WORKPLACE GEOGRAPHY (TWO OR MORE RACES),B08505G_001,1
MEANS OF TRANSPORTATION TO WORK FOR WORKPLACE GEOGRAPHY (WHITE ALONE),B08505A_001,1
"MEANS OF TRANSPORTATION TO WORK FOR WORKPLACE GEOGRAPHY (WHITE ALONE, NOT HISPANIC OR LATINO)",B08505H_001,1
MEDIAN AGE AT FIRST MARRIAGE,B12007_001,1
MEDIAN AGE AT FIRST MARRIAGE (AMERICAN INDIAN AND ALASKA NATIVE ALONE),B12007C_001,1
MEDIAN AGE AT FIRST MARRIAGE (ASIAN ALONE),B12007D_001,1
MEDIAN AGE AT FIRST MARRIAGE (BLACK OR AFRICAN AMERICAN ALONE),B12007B_001,1
MEDIAN AGE AT FIRST MARRIAGE (HISPANIC OR LATINO),B12007I_001,1
MEDIAN AGE AT FIRST MARRIAGE (NATIVE HAWAIIAN AND OTHER PACIFIC ISLANDER ALONE),B12007E_001,1
MEDIAN AGE AT FIRST MARRIAGE (SOME OTHER RACE ALONE),B12007F_001,1
MEDIAN AGE AT FIRST MARRIAGE (TWO OR MORE RACES),B12007G_001,1
MEDIAN AGE AT FIRST MARRIAGE (WHITE ALONE),B12007A_001,1
"MEDIAN AGE AT FIRST MARRIAGE (WHITE ALONE, NOT HISPANIC OR LATINO)",B12007H_001,1
MEDIAN AGE BY CITIZENSHIP STATUS BY SEX,B05004_001,1
MEDIAN AGE BY GEOGRAPHICAL MOBILITY IN THE PAST YEAR FOR CURRENT RESIDENCE IN PUERTO RICO,B07002PR_001,1
MEDIAN AGE BY GEOGRAPHICAL MOBILITY IN THE PAST YEAR FOR CURRENT RESIDENCE IN THE UNITED STATES,B07002_001,1
MEDIAN AGE BY GEOGRAPHICAL MOBILITY IN THE PAST YEAR FOR RESIDENCE 1 YEAR AGO IN PUERTO RICO,B07402PR_001,1
MEDIAN AGE BY GEOGRAPHICAL MOBILITY IN THE PAST YEAR FOR RESIDENCE 1 YEAR AGO IN THE UNITED STATES,B07402_001,1
MEDIAN AGE BY MEANS OF TRANSPORTATION TO WORK,B08103_001,1
MEDIAN AGE BY MEANS OF TRANSPORTATION TO WORK FOR WORKPLACE GEOGRAPHY,B08503_001,1
MEDIAN AGE BY PLACE OF BIRTH IN PUERTO RICO,B06002PR_001,1
MEDIAN AGE BY PLACE OF BIRTH IN THE UNITED STATES,B06002_001,1
MEDIAN AGE BY SEX,B01002_001,1
MEDIAN AGE BY SEX (AMERICAN INDIAN AND ALASKA NATIVE),B01002C_001,1
MEDIAN AGE BY SEX (ASIAN ALONE),B01002D_001,1
MEDIAN AGE BY SEX (BLACK OR AFRICAN AMERICAN ALONE),B01002B_001,1
MEDIAN AGE BY SEX (HISPANIC OR LATINO),B01002I_001,1
MEDIAN AGE BY SEX (NATIVE HAWAIIAN AND OTHER PACIFIC ISLANDER ALONE),B01002E_001,1
MEDIAN AGE BY SEX (SOME OTHER RACE ALONE),B01002F_001,1
MEDIAN AGE BY SEX (TWO OR MORE RACES),B01002G_001,1
MEDIAN AGE BY SEX (WHITE ALONE),B01002A_001,1
"MEDIAN AGE BY SEX (WHITE ALONE, NOT HISPANIC OR LATINO)",B01002H_001,1
MEDIAN AGE BY SEX FOR WORKERS 16 TO 64 YEARS,B23013_001,1
MEDIAN CONTRACT RENT (DOLLARS),B25058_001,1
MEDIAN EARNINGS IN THE PAST 12 MONTHS (IN 2009 INFLATION-ADJUSTED DOLLARS) BY MEANS OF TRANSPORTATION TO WORK,B08121_001,1
MEDIAN EARNINGS IN THE PAST 12 MONTHS (IN 2009 INFLATION-ADJUSTED DOLLARS) BY MEANS OF TRANSPORTATION TO WORK FOR WORKPLACE GEOGRAPHY,B08521_001,1
MEDIAN EARNINGS IN THE PAST 12 MONTHS (IN 2009 INFLATION-ADJUSTED DOLLARS) BY SEX BY EDUCATIONAL ATTAINMENT FOR THE POPULATION 25 YEARS AND OVER,B20004_001,1
MEDIAN EARNINGS IN THE PAST 12 MONTHS (IN 2009 INFLATION-ADJUSTED DOLLARS) BY SEX BY WORK EXPERIENCE IN THE PAST 12 MONTHS FOR THE POPULATION 16 YEARS AND OVER WITH EARNINGS (HISPANIC OR LATINO),B20017I_001,1
MEDIAN EARNINGS IN THE PAST 12 MONTHS (IN 2009 INFLATION-ADJUSTED DOLLARS) BY SEX BY WORK EXPERIENCE IN THE PAST 12 MONTHS FOR THE POPULATION 16 YEARS AND OVER WITH EARNINGS IN THE PAST 12 MONTHS,B20017_001,1
MEDIAN EARNINGS IN THE PAST 12 MONTHS (IN 2009 INFLATION-ADJUSTED DOLLARS) BY SEX BY WORK EXPERIENCE IN THE PAST 12 MONTHS FOR THE POPULATION 16 YEARS AND OVER WITH EARNINGS IN THE PAST 12 MONTHS (AME,B20017C_001,1
MEDIAN EARNINGS IN THE PAST 12 MONTHS (IN 2009 INFLATION-ADJUSTED DOLLARS) BY SEX BY WORK EXPERIENCE IN THE PAST 12 MONTHS FOR THE POPULATION 16 YEARS AND OVER WITH EARNINGS IN THE PAST 12 MONTHS (ASI,B20017D_001,1
MEDIAN EARNINGS IN THE PAST 12 MONTHS (IN 2009 INFLATION-ADJUSTED DOLLARS) BY SEX BY WORK EXPERIENCE IN THE PAST 12 MONTHS FOR THE POPULATION 16 YEARS AND OVER WITH EARNINGS IN THE PAST 12 MONTHS (BLA,B20017B_001,1
MEDIAN EARNINGS IN THE PAST 12 MONTHS (IN 2009 INFLATION-ADJUSTED DOLLARS) BY SEX BY WORK EXPERIENCE IN THE PAST 12 MONTHS FOR THE POPULATION 16 YEARS AND OVER WITH EARNINGS IN THE PAST 12 MONTHS (NAT,B20017E_001,1
MEDIAN EARNINGS IN THE PAST 12 MONTHS (IN 2009 INFLATION-ADJUSTED DOLLARS) BY SEX BY WORK EXPERIENCE IN THE PAST 12 MONTHS FOR THE POPULATION 16 YEARS AND OVER WITH EARNINGS IN THE PAST 12 MONTHS (SOM,B20017F_001,1
MEDIAN EARNINGS IN THE PAST 12 MONTHS (IN 2009 INFLATION-ADJUSTED DOLLARS) BY SEX BY WORK EXPERIENCE IN THE PAST 12 MONTHS FOR THE POPULATION 16 YEARS AND OVER WITH EARNINGS IN THE PAST 12 MONTHS (TWO,B20017G_001,1
MEDIAN EARNINGS IN THE PAST 12 MONTHS (IN 2009 INFLATION-ADJUSTED DOLLARS) BY SEX BY WORK EXPERIENCE IN THE PAST 12 MONTHS FOR THE POPULATION 16 YEARS AND OVER WITH EARNINGS IN THE PAST 12 MONTHS (WHI,B20017A_001,1
MEDIAN EARNINGS IN THE PAST 12 MONTHS (IN 2009 INFLATION-ADJUSTED DOLLARS) BY SEX FOR THE POPULATION 16 YEARS AND OVER WITH EARNINGS IN THE PAST 12 MONTHS,B20002_001,1
MEDIAN FAMILY INCOME FOR FAMILIES WITH GRANDPARENT HOUSEHOLDERS AND/OR SPOUSES LIVING WITH OWN GRANDCHILDREN UNDER 18 YEARS BY RESPONSIBILITY FOR OWN GRANDCHILDREN AND PRESENCE OF PARENT OF GRANDCHILD,B10010_001,1
MEDIAN FAMILY INCOME IN THE PAST 12 MONTHS (IN 2009 INFLATION-ADJUSTED DOLLARS),B19113_001,1
MEDIAN FAMILY INCOME IN THE PAST 12 MONTHS (IN 2009 INFLATION-ADJUSTED DOLLARS) (AMERICAN INDIAN AND ALASKA NATIVE ALONE HOUSEHOLDER),B19113C_001,1
MEDIAN FAMILY INCOME IN THE PAST 12 MONTHS (IN 2009 INFLATION-ADJUSTED DOLLARS) (ASIAN ALONE HOUSEHOLDER),B19113D_001,1
MEDIAN FAMILY INCOME IN THE PAST 12 MONTHS (IN 2009 INFLATION-ADJUSTED DOLLARS) (BLACK OR AFRICAN AMERICAN ALONE HOUSEHOLDER),B19113B_001,1
MEDIAN FAMILY INCOME IN THE PAST 12 MONTHS (IN 2009 INFLATION-ADJUSTED DOLLARS) (HISPANIC OR LATINO HOUSEHOLDER),B19113I_001,1
MEDIAN FAMILY INCOME IN THE PAST 12 MONTHS (IN 2009 INFLATION-ADJUSTED DOLLARS) (NATIVE HAWAIIAN AND OTHER PACIFIC ISLANDER ALONE HOUSEHOLDER),B19113E_001,1
MEDIAN FAMILY INCOME IN THE PAST 12 MONTHS (IN 2009 INFLATION-ADJUSTED DOLLARS) (SOME OTHER RACE ALONE HOUSEHOLDER),B19113F_001,1
MEDIAN FAMILY INCOME IN THE PAST 12 MONTHS (IN 2009 INFLATION-ADJUSTED DOLLARS) (TWO OR MORE RACES),B19113G_001,1
MEDIAN FAMILY INCOME IN THE PAST 12 MONTHS (IN 2009 INFLATION-ADJUSTED DOLLARS) (WHITE ALONE HOUSEHOLDER),B19113A_001,1
"MEDIAN FAMILY INCOME IN THE PAST 12 MONTHS (IN 2009 INFLATION-ADJUSTED DOLLARS) (WHITE ALONE, NOT HISPANIC OR LATINO HOUSEHOLDER)",B19113H_001,1
MEDIAN FAMILY INCOME IN THE PAST 12 MONTHS (IN 2009 INFLATION-ADJUSTED DOLLARS) BY FAMILY SIZE,B19119_001,1
MEDIAN FAMILY INCOME IN THE PAST 12 MONTHS (IN 2009 INFLATION-ADJUSTED DOLLARS) BY FAMILY TYPE BY PRESENCE OF OWN CHILDREN UNDER 18 YEARS,B19126_001,1
MEDIAN FAMILY INCOME IN THE PAST 12 MONTHS (IN 2009 INFLATION-ADJUSTED DOLLARS) BY NUMBER OF EARNERS IN FAMILY,B19121_001,1
MEDIAN FAMILY INCOME IN THE PAST 12 MONTHS (IN 2009 INFLATION-ADJUSTED DOLLARS) BY PRESENCE OF OWN CHILDREN UNDER 18 YEARS,B19125_001,1
MEDIAN GROSS RENT (DOLLARS),B25064_001,1
MEDIAN GROSS RENT AS A PERCENTAGE OF HOUSEHOLD INCOME IN THE PAST 12 MONTHS (DOLLARS),B25071_001,1
MEDIAN GROSS RENT BY YEAR HOUSEHOLDER MOVED INTO UNIT,B25113_001,1
MEDIAN GROSS RENT BY YEAR STRUCTURE BUILT,B25111_001,1
MEDIAN HOUSEHOLD INCOME IN THE PAST 12 MONTHS (IN 2009 INFLATION-ADJUSTED DOLLARS),B19013_001,1
MEDIAN HOUSEHOLD INCOME IN THE PAST 12 MONTHS (IN 2009 INFLATION-ADJUSTED DOLLARS) (AMERICAN INDIAN AND ALASKA NATIVE ALONE HOUSEHOLDER),B19013C_001,1
MEDIAN HOUSEHOLD INCOME IN THE PAST 12 MONTHS (IN 2009 INFLATION-ADJUSTED DOLLARS) (ASIAN ALONE HOUSEHOLDER),B19013D_001,1
MEDIAN HOUSEHOLD INCOME IN THE PAST 12 MONTHS (IN 2009 INFLATION-ADJUSTED DOLLARS) (BLACK OR AFRICAN AMERICAN ALONE HOUSEHOLDER),B19013B_001,1
MEDIAN HOUSEHOLD INCOME IN THE PAST 12 MONTHS (IN 2009 INFLATION-ADJUSTED DOLLARS) (HISPANIC OR LATINO HOUSEHOLDER),B19013I_001,1
MEDIAN HOUSEHOLD INCOME IN THE PAST 12 MONTHS (IN 2009 INFLATION-ADJUSTED DOLLARS) (NATIVE HAWAIIAN AND OTHER PACIFIC ISLANDER ALONE HOUSEHOLDER),B19013E_001,1
MEDIAN HOUSEHOLD INCOME IN THE PAST 12 MONTHS (IN 2009 INFLATION-ADJUSTED DOLLARS) (SOME OTHER RACE ALONE HOUSEHOLDER),B19013F_001,1
MEDIAN HOUSEHOLD INCOME IN THE PAST 12 MONTHS (IN 2009 INFLATION-ADJUSTED DOLLARS) (TWO OR MORE RACES HOUSEHOLDER),B19013G_001,1
MEDIAN HOUSEHOLD INCOME IN THE PAST 12 MONTHS (IN 2009 INFLATION-ADJUSTED DOLLARS) (WHITE ALONE HOUSEHOLDER),B19013A_001,1
"MEDIAN HOUSEHOLD INCOME IN THE PAST 12 MONTHS (IN 2009 INFLATION-ADJUSTED DOLLARS) (WHITE ALONE, NOT HISPANIC OR LATINO HOUSEHOLDER)",B19013H_001,1
MEDIAN HOUSEHOLD INCOME IN THE PAST 12 MONTHS (IN 2009 INFLATION-ADJUSTED DOLLARS) BY AGE OF HOUSEHOLDER,B19049_001,1
MEDIAN HOUSEHOLD INCOME IN THE PAST 12 MONTHS (IN 2009 INFLATION-ADJUSTED DOLLARS) BY HOUSEHOLD SIZE,B19019_001,1
MEDIAN HOUSEHOLD INCOME IN THE PAST 12 MONTHS (IN 2009 INFLATION-ADJUSTED DOLLARS) BY RECEIPT OF FOOD STAMPS/SNAP IN THE PAST 12 MONTHS,B22008_001,1
MEDIAN HOUSEHOLD INCOME THE PAST 12 MONTHS (IN 2009 INFLATION-ADJUSTED DOLLARS) BY TENURE,B25119_001,1
MEDIAN INCOME IN THE PAST 12 MONTHS (IN 2009 INFLATION-ADJUSTED DOLLARS) BY GEOGRAPHICAL MOBILITY IN THE PAST YEAR FOR CURRENT RESIDENCE IN PUERTO RICO,B07011PR_001,1
MEDIAN INCOME IN THE PAST 12 MONTHS (IN 2009 INFLATION-ADJUSTED DOLLARS) BY GEOGRAPHICAL MOBILITY IN THE PAST YEAR FOR CURRENT RESIDENCE IN THE UNITED STATES,B07011_001,1
MEDIAN INCOME IN THE PAST 12 MONTHS (IN 2009 INFLATION-ADJUSTED DOLLARS) BY GEOGRAPHICAL MOBILITY IN THE PAST YEAR FOR RESIDENCE 1 YEAR AGO IN PUERTO RICO,B07411PR_001,1
MEDIAN INCOME IN THE PAST 12 MONTHS (IN 2009 INFLATION-ADJUSTED DOLLARS) BY GEOGRAPHICAL MOBILITY IN THE PAST YEAR FOR RESIDENCE 1 YEAR AGO IN THE UNITED STATES,B07411_001,1
MEDIAN INCOME IN THE PAST 12 MONTHS (IN 2009 INFLATION-ADJUSTED DOLLARS) BY PLACE OF BIRTH IN PUERTO RICO,B06011PR_001,1
MEDIAN INCOME IN THE PAST 12 MONTHS (IN 2009 INFLATION-ADJUSTED DOLLARS) BY PLACE OF BIRTH IN THE UNITED STATES,B06011_001,1
MEDIAN INCOME IN THE PAST 12 MONTHS (IN 2009 INFLATION-ADJUSTED DOLLARS) BY SEX BY WORK EXPERIENCE IN THE PAST 12 MONTHS FOR THE POPULATION 15 YEARS AND OVER WITH INCOME,B19326_001,1
MEDIAN INCOME IN THE PAST 12 MONTHS (IN 2009 INFLATION-ADJUSTED DOLLARS) BY VETERAN STATUS BY SEX FOR THE CIVILIAN POPULATION 18 YEARS AND OVER WITH INCOME,B21004_001,1
MEDIAN MONTHLY HOUSING COSTS (DOLLARS),B25105_001,1
MEDIAN NONFAMILY HOUSEHOLD INCOME IN THE PAST 12 MONTHS (IN 2009 INFLATION-ADJUSTED DOLLARS),B19202_001,1
MEDIAN NONFAMILY HOUSEHOLD INCOME IN THE PAST 12 MONTHS (IN 2009 INFLATION-ADJUSTED DOLLARS) (AMERICAN INDIAN AND ALASKA NATIVE ALONE HOUSEHOLDER),B19202C_001,1
MEDIAN NONFAMILY HOUSEHOLD INCOME IN THE PAST 12 MONTHS (IN 2009 INFLATION-ADJUSTED DOLLARS) (ASIAN ALONE HOUSEHOLDER),B19202D_001,1
MEDIAN NONFAMILY HOUSEHOLD INCOME IN THE PAST 12 MONTHS (IN 2009 INFLATION-ADJUSTED DOLLARS) (BLACK OR AFRICAN AMERICAN ALONE HOUSEHOLDER),B19202B_001,1
MEDIAN NONFAMILY HOUSEHOLD INCOME IN THE PAST 12 MONTHS (IN 2009 INFLATION-ADJUSTED DOLLARS) (HISPANIC OR LATINO HOUSEHOLDER),B19202I_001,1
MEDIAN NONFAMILY HOUSEHOLD INCOME IN THE PAST 12 MONTHS (IN 2009 INFLATION-ADJUSTED DOLLARS) (NATIVE HAWAIIAN AND OTHER PACIFIC ISLANDER ALONE HOUSEHOLDER),B19202E_001,1
MEDIAN NONFAMILY HOUSEHOLD INCOME IN THE PAST 12 MONTHS (IN 2009 INFLATION-ADJUSTED DOLLARS) (SOME OTHER RACE ALONE HOUSEHOLDER),B19202F_001,1
MEDIAN NONFAMILY HOUSEHOLD INCOME IN THE PAST 12 MONTHS (IN 2009 INFLATION-ADJUSTED DOLLARS) (TWO OR MORE RACES HOUSEHOLDER),B19202G_001,1
MEDIAN NONFAMILY HOUSEHOLD INCOME IN THE PAST 12 MONTHS (IN 2009 INFLATION-ADJUSTED DOLLARS) (WHITE ALONE HOUSEHOLDER),B19202A_001,1
"MEDIAN NONFAMILY HOUSEHOLD INCOME IN THE PAST 12 MONTHS (IN 2009 INFLATION-ADJUSTED DOLLARS) (WHITE ALONE, NOT HISPANIC OR LATINO HOUSEHOLDER)",B19202H_001,1
MEDIAN NONFAMILY HOUSEHOLD INCOME IN THE PAST 12 MONTHS (IN 2009 INFLATION-ADJUSTED DOLLARS) BY SEX OF HOUSEHOLDER BY LIVING ALONE BY AGE OF HOUSEHOLDER,B19215_001,1
MEDIAN NUMBER OF ROOMS,B25018_001,1
MEDIAN NUMBER OF ROOMS BY TENURE,B25021_001,1
MEDIAN SELECTED MONTHLY OWNER COSTS (DOLLARS) BY MORTGAGE STATUS,B25088_001,1
MEDIAN SELECTED MONTHLY OWNER COSTS AS A PERCENTAGE OF HOUSEHOLD INCOME IN THE PAST 12 MONTHS,B25092_001,1
MEDIAN VALUE (DOLLARS),B25077_001,1
MEDIAN VALUE (DOLLARS) FOR MOBILE HOMES,B25083_001,1
MEDIAN VALUE BY YEAR HOUSEHOLDER MOVED INTO UNIT,B25109_001,1
MEDIAN VALUE BY YEAR STRUCTURE BUILT,B25107_001,1
MEDIAN YEAR HOUSEHOLDER MOVED INTO UNIT BY TENURE,B25039_001,1
MEDIAN YEAR STRUCTURE BUILT,B25035_001,1
MEDIAN YEAR STRUCTURE BUILT BY TENURE,B25037_001,1
MONTHLY HOUSING COSTS,B25104_001,1
MORTGAGE STATUS,B25081_001,1
MORTGAGE STATUS AND SELECTED MONTHLY OWNER COSTS,B25087_001,1
MORTGAGE STATUS BY AGE OF HOUSEHOLDER,B25027_001,1
MORTGAGE STATUS BY HOUSEHOLD INCOME IN THE PAST 12 MONTHS (IN 2009 INFLATION-ADJUSTED DOLLARS),B25098_001,1
MORTGAGE STATUS BY MEDIAN HOUSEHOLD INCOME IN THE PAST 12 MONTHS (IN 2009 INFLATION-ADJUSTED DOLLARS),B25099_001,1
MORTGAGE STATUS BY MEDIAN REAL ESTATE TAXES PAID (DOLLARS),B25103_001,1
MORTGAGE STATUS BY MEDIAN VALUE (DOLLARS),B25097_001,1
MORTGAGE STATUS BY MONTHLY HOUSING COSTS AS A PERCENTAGE OF HOUSEHOLD INCOME IN THE PAST 12 MONTHS,B25101_001,1
MORTGAGE STATUS BY RATIO OF VALUE TO HOUSEHOLD INCOME IN THE PAST 12 MONTHS,B25100_001,1
MORTGAGE STATUS BY REAL ESTATE TAXES PAID,B25102_001,1
MORTGAGE STATUS BY SELECTED MONTHLY OWNER COSTS AS A PERCENTAGE OF HOUSEHOLD INCOME IN THE PAST 12 MONTHS,B25091_001,1
MORTGAGE STATUS BY VALUE,B25096_001,1
MOVERS BETWEEN REGIONS IN THE UNITED STATES,B07101_001,1
NATIVE HAWAIIAN AND OTHER PACIFIC ISLANDER ALONE BY SELECTED GROUPS,B02007_001,1
NATIVE HAWAIIAN AND OTHER PACIFIC ISLANDER ALONE OR IN COMBINATION WITH ONE OR MORE OTHER RACES,B02012_001,1
NATIVITY BY LANGUAGE SPOKEN AT HOME BY ABILITY TO SPEAK ENGLISH FOR THE POPULATION 5 YEARS AND OVER,B16005_001,1
NATIVITY BY LANGUAGE SPOKEN AT HOME BY ABILITY TO SPEAK ENGLISH FOR THE POPULATION 5 YEARS AND OVER (AMERICAN INDIAN AND ALASKA NATIVE ALONE),B16005C_001,1
NATIVITY BY LANGUAGE SPOKEN AT HOME BY ABILITY TO SPEAK ENGLISH FOR THE POPULATION 5 YEARS AND OVER (ASIAN ALONE),B16005D_001,1
NATIVITY BY LANGUAGE SPOKEN AT HOME BY ABILITY TO SPEAK ENGLISH FOR THE POPULATION 5 YEARS AND OVER (BLACK OR AFRICAN AMERICAN ALONE),B16005B_001,1
NATIVITY BY LANGUAGE SPOKEN AT HOME BY ABILITY TO SPEAK ENGLISH FOR THE POPULATION 5 YEARS AND OVER (HISPANIC OR LATINO),B16005I_001,1
NATIVITY BY LANGUAGE SPOKEN AT HOME BY ABILITY TO SPEAK ENGLISH FOR THE POPULATION 5 YEARS AND OVER (NATIVE HAWAIIAN AND OTHER PACIFIC ISLANDER ALONE),B16005E_001,1
NATIVITY BY LANGUAGE SPOKEN AT HOME BY ABILITY TO SPEAK ENGLISH FOR THE POPULATION 5 YEARS AND OVER (SOME OTHER RACE ALONE),B16005F_001,1
NATIVITY BY LANGUAGE SPOKEN AT HOME BY ABILITY TO SPEAK ENGLISH FOR THE POPULATION 5 YEARS AND OVER (TWO OR MORE RACES),B16005G_001,1
NATIVITY BY LANGUAGE SPOKEN AT HOME BY ABILITY TO SPEAK ENGLISH FOR THE POPULATION 5 YEARS AND OVER (WHITE ALONE),B16005A_001,1
"NATIVITY BY LANGUAGE SPOKEN AT HOME BY ABILITY TO SPEAK ENGLISH FOR THE POPULATION 5 YEARS AND OVER (WHITE ALONE, NOT HISPANIC OR LATINO)",B16005H_001,1
NATIVITY IN THE UNITED STATES,B05012_001,1
NONFAMILY HOUSEHOLD INCOME IN THE PAST 12 MONTHS (IN 2009 INFLATION-ADJUSTED DOLLARS),B19201_001,1
NONFAMILY HOUSEHOLDS BY SEX OF HOUSEHOLDER BY LIVING ALONE BY AGE OF HOUSEHOLDER,B11010_001,1
NUMBER OF WORKERS IN HOUSEHOLD BY VEHICLES AVAILABLE,B08203_001,1
OCCUPANCY STATUS,B25002_001,1
OCCUPANTS PER ROOM (AMERICAN INDIAN AND ALASKA NATIVE ALONE HOUSEHOLDER),B25014C_001,1
OCCUPANTS PER ROOM (ASIAN ALONE HOUSEHOLDER),B25014D_001,1
OCCUPANTS PER ROOM (BLACK OR AFRICAN AMERICAN ALONE HOUSEHOLDER),B25014B_001,1
OCCUPANTS PER ROOM (HISPANIC OR LATINO HOUSEHOLDER),B25014I_001,1
OCCUPANTS PER ROOM (NATIVE HAWAIIAN AND OTHER PACIFIC ISLANDER ALONE HOUSEHOLDER),B25014E_001,1
OCCUPANTS PER ROOM (SOME OTHER RACE ALONE HOUSEHOLDER),B25014F_001,1
OCCUPANTS PER ROOM (TWO OR MORE RACES HOUSEHOLDER),B25014G_001,1
OCCUPANTS PER ROOM (WHITE ALONE HOUSEHOLDER),B25014A_001,1
"OCCUPANTS PER ROOM (WHITE ALONE, NOT HISPANIC OR LATINO HOUSEHOLDER)",B25014H_001,1
OCCUPATION BY CLASS OF WORKER FOR THE CIVILIAN EMPLOYED POPULATION 16 YEARS AND OVER,C24060_001,1
OCCUPATION BY MEDIAN EARNINGS IN THE PAST 12 MONTHS (IN 2009 INFLATION-ADJUSTED DOLLARS) FOR THE CIVILIAN EMPLOYED POPULATION 16 YEARS AND OVER,B24011_001,1
"OCCUPATION BY MEDIAN EARNINGS IN THE PAST 12 MONTHS (IN 2009 INFLATION-ADJUSTED DOLLARS) FOR THE FULL-TIME, YEAR-ROUND CIVILIAN EMPLOYED POPULATION 16 YEARS AND OVER",B24021_001,1
OTHER TYPES OF INCOME IN THE PAST 12 MONTHS FOR HOUSEHOLDS,B19060_001,1
OVERALL HOUSING UNIT CHARACTERISTIC IMPUTATION RATE,B98032_001,1
OVERALL PERSON CHARACTERISTIC IMPUTATION RATE,B98031_001,1
OWN CHILDREN UNDER 18 YEARS BY FAMILY TYPE AND AGE,B09002_001,1
PEOPLE REPORTING ANCESTRY,B04006_001,1
PEOPLE REPORTING MULTIPLE ANCESTRY,B04005_001,1
PEOPLE REPORTING SINGLE ANCESTRY,B04004_001,1
PER CAPITA INCOME IN THE PAST 12 MONTHS (IN 2009 INFLATION-ADJUSTED DOLLARS),B19301_001,1
PER CAPITA INCOME IN THE PAST 12 MONTHS (IN 2009 INFLATION-ADJUSTED DOLLARS) (AMERICAN INDIAN AND ALASKA NATIVE ALONE),B19301C_001,1
PER CAPITA INCOME IN THE PAST 12 MONTHS (IN 2009 INFLATION-ADJUSTED DOLLARS) (ASIAN ALONE),B19301D_001,1
PER CAPITA INCOME IN THE PAST 12 MONTHS (IN 2009 INFLATION-ADJUSTED DOLLARS) (BLACK OR AFRICAN AMERICAN ALONE),B19301B_001,1
PER CAPITA INCOME IN THE PAST 12 MONTHS (IN 2009 INFLATION-ADJUSTED DOLLARS) (HISPANIC OR LATINO),B19301I_001,1
PER CAPITA INCOME IN THE PAST 12 MONTHS (IN 2009 INFLATION-ADJUSTED DOLLARS) (NATIVE HAWAIIAN AND OTHER PACIFIC ISLANDER ALONE),B19301E_001,1
PER CAPITA INCOME IN THE PAST 12 MONTHS (IN 2009 INFLATION-ADJUSTED DOLLARS) (SOME OTHER RACE ALONE),B19301F_001,1
PER CAPITA INCOME IN THE PAST 12 MONTHS (IN 2009 INFLATION-ADJUSTED DOLLARS) (TWO OR MORE RACES),B19301G_001,1
PER CAPITA INCOME IN THE PAST 12 MONTHS (IN 2009 INFLATION-ADJUSTED DOLLARS) (WHITE ALONE),B19301A_001,1
"PER CAPITA INCOME IN THE PAST 12 MONTHS (IN 2009 INFLATION-ADJUSTED DOLLARS) (WHITE ALONE, NOT HISPANIC OR LATINO)",B19301H_001,1
PERIOD OF MILITARY SERVICE FOR CIVILIAN VETERANS 18 YEARS AND OVER,B21002_001,1
PLACE OF BIRTH BY AGE IN PUERTO RICO,B06001PR_001,1
PLACE OF BIRTH BY AGE IN THE UNITED STATES,B06001_001,1
PLACE OF BIRTH BY CITIZENSHIP STATUS,B05002_001,1
PLACE OF BIRTH BY EDUCATIONAL ATTAINMENT IN PUERTO RICO,B06009PR_001,1
PLACE OF BIRTH BY EDUCATIONAL ATTAINMENT IN THE UNITED STATES,B06009_001,1
PLACE OF BIRTH BY INDIVIDUAL INCOME IN THE PAST 12 MONTHS (IN 2009 INFLATION-ADJUSTED DOLLARS) IN PUERTO RICO,B06010PR_001,1
PLACE OF BIRTH BY INDIVIDUAL INCOME IN THE PAST 12 MONTHS (IN 2009 INFLATION-ADJUSTED DOLLARS) IN THE UNITED STATES,B06010_001,1
PLACE OF BIRTH BY LANGUAGE SPOKEN AT HOME AND ABILITY TO SPEAK ENGLISH IN PUERTO RICO,B06007PR_001,1
PLACE OF BIRTH BY LANGUAGE SPOKEN AT HOME AND ABILITY TO SPEAK ENGLISH IN THE UNITED STATES,B06007_001,1
PLACE OF BIRTH BY MARITAL STATUS IN PUERTO RICO,B06008PR_001,1
PLACE OF BIRTH BY MARITAL STATUS IN THE UNITED STATES,B06008_001,1
PLACE OF BIRTH BY POVERTY STATUS IN THE PAST 12 MONTHS IN PUERTO RICO,B06012PR_001,1
PLACE OF BIRTH BY POVERTY STATUS IN THE PAST 12 MONTHS IN THE UNITED STATES,B06012_001,1
PLACE OF BIRTH BY RACE (AMERICAN INDIAN AND ALASKA NATIVE ALONE) IN PUERTO RICO,B06004CPR_001,1
PLACE OF BIRTH BY RACE (AMERICAN INDIAN AND ALASKA NATIVE ALONE) IN THE UNITED STATES,B06004C_001,1
PLACE OF BIRTH BY RACE (ASIAN ALONE) IN PUERTO RICO,B06004DPR_001,1
PLACE OF BIRTH BY RACE (ASIAN ALONE) IN THE UNITED STATES,B06004D_001,1
PLACE OF BIRTH BY RACE (BLACK OR AFRICAN AMERICAN ALONE) IN PUERTO RICO,B06004BPR_001,1
PLACE OF BIRTH BY RACE (BLACK OR AFRICAN AMERICAN ALONE) IN THE UNITED STATES,B06004B_001,1
PLACE OF BIRTH BY RACE (HISPANIC OR LATINO) IN PUERTO RICO,B06004IPR_001,1
PLACE OF BIRTH BY RACE (HISPANIC OR LATINO) IN THE UNITED STATES,B06004I_001,1
PLACE OF BIRTH BY RACE (NATIVE HAWAIIAN AND OTHER PACIFIC ISLANDER ALONE) IN PUERTO RICO,B06004EPR_001,1
PLACE OF BIRTH BY RACE (NATIVE HAWAIIAN AND OTHER PACIFIC ISLANDER ALONE) IN THE UNITED STATES,B06004E_001,1
PLACE OF BIRTH BY RACE (SOME OTHER RACE ALONE) IN PUERTO RICO,B06004FPR_001,1
PLACE OF BIRTH BY RACE (SOME OTHER RACE ALONE) IN THE UNITED STATES,B06004F_001,1
PLACE OF BIRTH BY RACE (TWO OR MORE RACES) IN PUERTO RICO,B06004GPR_001,1
PLACE OF BIRTH BY RACE (TWO OR MORE RACES) IN THE UNITED STATES,B06004G_001,1
PLACE OF BIRTH BY RACE (WHITE ALONE) IN PUERTO RICO,B06004APR_001,1
PLACE OF BIRTH BY RACE (WHITE ALONE) IN THE UNITED STATES,B06004A_001,1
"PLACE OF BIRTH BY RACE (WHITE ALONE, NOT HISPANIC OR LATINO) IN PUERTO RICO",B06004HPR_001,1
"PLACE OF BIRTH BY RACE (WHITE ALONE, NOT HISPANIC OR LATINO) IN THE UNITED STATES",B06004H_001,1
PLACE OF BIRTH BY SEX IN PUERTO RICO,B06003PR_001,1
PLACE OF BIRTH BY SEX IN THE UNITED STATES,B06003_001,1
PLACE OF BIRTH BY YEAR OF ENTRY BY CITIZENSHIP STATUS FOR THE FOREIGN-BORN POPULATION,B05007_001,1
PLACE OF BIRTH FOR THE FOREIGN-BORN POPULATION,B05006_001,1
PLACE OF WORK FOR WORKERS 16 YEARS AND OVER--METROPOLITAN STATISTICAL AREA LEVEL,B08016_001,1
PLACE OF WORK FOR WORKERS 16 YEARS AND OVER--MICROPOLITAN STATISTICAL AREA LEVEL,B08017_001,1
PLACE OF WORK FOR WORKERS 16 YEARS AND OVER--NOT METROPOLITAN OR MICROPOLITAN STATISTICAL AREA LEVEL,B08018_001,1
PLUMBING FACILITIES BY OCCUPANTS PER ROOM BY YEAR STRUCTURE BUILT,B25050_001,1
PLUMBING FACILITIES FOR ALL HOUSING UNITS,B25047_001,1
PLUMBING FACILITIES FOR OCCUPIED HOUSING UNITS,B25048_001,1
POPULATION IN SUBFAMILIES BY SUBFAMILY TYPE BY RELATIONSHIP,B11014_001,1
POPULATION UNDER 18 YEARS BY AGE,B09001_001,1
POVERTY STATUS BY WORK EXPERIENCE OF UNRELATED INDIVIDUALS BY HOUSEHOLDER STATUS,B17009_001,1
POVERTY STATUS IN THE PAST 12 MONTHS BY AGE (AMERICAN INDIAN AND ALASKA NATIVE ALONE),B17020C_001,1
POVERTY STATUS IN THE PAST 12 MONTHS BY AGE (ASIAN ALONE),B17020D_001,1
POVERTY STATUS IN THE PAST 12 MONTHS BY AGE (BLACK OR AFRICAN AMERICAN ALONE),B17020B_001,1
POVERTY STATUS IN THE PAST 12 MONTHS BY AGE (HISPANIC OR LATINO),B17020I_001,1
POVERTY STATUS IN THE PAST 12 MONTHS BY AGE (NATIVE HAWAIIAN AND OTHER PACIFIC ISLANDER ALONE),B17020E_001,1
POVERTY STATUS IN THE PAST 12 MONTHS BY AGE (SOME OTHER RACE ALONE),B17020F_001,1
POVERTY STATUS IN THE PAST 12 MONTHS BY AGE (TWO OR MORE RACES),B17020G_001,1
POVERTY STATUS IN THE PAST 12 MONTHS BY AGE (WHITE ALONE),B17020A_001,1
"POVERTY STATUS IN THE PAST 12 MONTHS BY AGE (WHITE ALONE, NOT HISPANIC OR LATINO)",B17020H_001,1
POVERTY STATUS IN THE PAST 12 MONTHS BY AGE BY LANGUAGE SPOKEN AT HOME FOR THE POPULATION 5 YEARS AND OVER,B16009_001,1
POVERTY STATUS IN THE PAST 12 MONTHS BY HOUSEHOLD TYPE BY AGE OF HOUSEHOLDER,B17017_001,1
POVERTY STATUS IN THE PAST 12 MONTHS BY NATIVITY,B17025_001,1
POVERTY STATUS IN THE PAST 12 MONTHS BY SCHOOL ENROLLMENT BY LEVEL OF SCHOOL FOR THE POPULATION 3 YEARS AND OVER,B14006_001,1
POVERTY STATUS IN THE PAST 12 MONTHS BY SEX BY AGE,B17001_001,1
POVERTY STATUS IN THE PAST 12 MONTHS BY SEX BY AGE (AMERICAN INDIAN AND ALASKA NATIVE ALONE),B17001C_001,1
POVERTY STATUS IN THE PAST 12 MONTHS BY SEX BY AGE (ASIAN ALONE),B17001D_001,1
POVERTY STATUS IN THE PAST 12 MONTHS BY SEX BY AGE (BLACK OR AFRICAN AMERICAN ALONE),B17001B_001,1
POVERTY STATUS IN THE PAST 12 MONTHS BY SEX BY AGE (HISPANIC OR LATINO),B17001I_001,1
POVERTY STATUS IN THE PAST 12 MONTHS BY SEX BY AGE (NATIVE HAWAIIAN AND OTHER PACIFIC ISLANDER ALONE),B17001E_001,1
POVERTY STATUS IN THE PAST 12 MONTHS BY SEX BY AGE (SOME OTHER RACE ALONE),B17001F_001,1
POVERTY STATUS IN THE PAST 12 MONTHS BY SEX BY AGE (TWO OR MORE RACES),B17001G_001,1
POVERTY STATUS IN THE PAST 12 MONTHS BY SEX BY AGE (WHITE ALONE),B17001A_001,1
"POVERTY STATUS IN THE PAST 12 MONTHS BY SEX BY AGE (WHITE ALONE, NOT HISPANIC OR LATINO)",B17001H_001,1
POVERTY STATUS IN THE PAST 12 MONTHS OF FAMILIES BY FAMILY TYPE BY PRESENCE OF RELATED CHILDREN UNDER 18 YEARS BY AGE OF RELATED CHILDREN,B17010_001,1
POVERTY STATUS IN THE PAST 12 MONTHS OF FAMILIES BY FAMILY TYPE BY PRESENCE OF RELATED CHILDREN UNDER 18 YEARS BY AGE OF RELATED CHILDREN (AMERICAN INDIAN AND ALASKA NATIVE ALONE),B17010C_001,1
POVERTY STATUS IN THE PAST 12 MONTHS OF FAMILIES BY FAMILY TYPE BY PRESENCE OF RELATED CHILDREN UNDER 18 YEARS BY AGE OF RELATED CHILDREN (ASIAN ALONE HOUSEHOLDER),B17010D_001,1
POVERTY STATUS IN THE PAST 12 MONTHS OF FAMILIES BY FAMILY TYPE BY PRESENCE OF RELATED CHILDREN UNDER 18 YEARS BY AGE OF RELATED CHILDREN (BLACK OR AFRICAN AMERICAN ALONE HOUSEHOLDER),B17010B_001,1
POVERTY STATUS IN THE PAST 12 MONTHS OF FAMILIES BY FAMILY TYPE BY PRESENCE OF RELATED CHILDREN UNDER 18 YEARS BY AGE OF RELATED CHILDREN (HISPANIC OR LATINO),B17010I_001,1
POVERTY STATUS IN THE PAST 12 MONTHS OF FAMILIES BY FAMILY TYPE BY PRESENCE OF RELATED CHILDREN UNDER 18 YEARS BY AGE OF RELATED CHILDREN (NATIVE HAWAIIAN AND OTHER PACIFIC ISLANDER ALONE HOUSEHOLDER),B17010E_001,1
POVERTY STATUS IN THE PAST 12 MONTHS OF FAMILIES BY FAMILY TYPE BY PRESENCE OF RELATED CHILDREN UNDER 18 YEARS BY AGE OF RELATED CHILDREN (SOME OTHER RACE ALONE HOUSEHOLDER),B17010F_001,1
POVERTY STATUS IN THE PAST 12 MONTHS OF FAMILIES BY FAMILY TYPE BY PRESENCE OF RELATED CHILDREN UNDER 18 YEARS BY AGE OF RELATED CHILDREN (TWO OR MORE RACES HOUSEHOLDER),B17010G_001,1
POVERTY STATUS IN THE PAST 12 MONTHS OF FAMILIES BY FAMILY TYPE BY PRESENCE OF RELATED CHILDREN UNDER 18 YEARS BY AGE OF RELATED CHILDREN (WHITE ALONE HOUSEHOLDER),B17010A_001,1
"POVERTY STATUS IN THE PAST 12 MONTHS OF FAMILIES BY FAMILY TYPE BY PRESENCE OF RELATED CHILDREN UNDER 18 YEARS BY AGE OF RELATED CHILDREN (WHITE ALONE, NOT HISPANIC OR LATINO HOUSEHOLDER)",B17010H_001,1
POVERTY STATUS IN THE PAST 12 MONTHS OF FAMILIES BY FAMILY TYPE BY SOCIAL SECURITY INCOME BY SUPPLEMENTAL SECURITY INCOME (SSI) AND CASH PUBLIC ASSISTANCE INCOME,B17015_001,1
POVERTY STATUS IN THE PAST 12 MONTHS OF FAMILIES BY FAMILY TYPE BY WORK EXPERIENCE OF HOUSEHOLDER AND SPOUSE,B17016_001,1
POVERTY STATUS IN THE PAST 12 MONTHS OF FAMILIES BY HOUSEHOLD TYPE BY EDUCATIONAL ATTAINMENT OF HOUSEHOLDER,B17018_001,1
POVERTY STATUS IN THE PAST 12 MONTHS OF FAMILIES BY HOUSEHOLD TYPE BY NUMBER OF OWN CHILDREN UNDER 18 YEARS,B17023_001,1
POVERTY STATUS IN THE PAST 12 MONTHS OF FAMILIES BY HOUSEHOLD TYPE BY NUMBER OF PERSONS IN FAMILY,B17013_001,1
POVERTY STATUS IN THE PAST 12 MONTHS OF FAMILIES BY HOUSEHOLD TYPE BY NUMBER OF RELATED CHILDREN UNDER 18 YEARS,B17012_001,1
POVERTY STATUS IN THE PAST 12 MONTHS OF FAMILIES BY HOUSEHOLD TYPE BY NUMBER OF WORKERS IN FAMILY,B17014_001,1
POVERTY STATUS IN THE PAST 12 MONTHS OF FAMILIES BY HOUSEHOLD TYPE BY TENURE,B17019_001,1
POVERTY STATUS IN THE PAST 12 MONTHS OF GRANDPARENTS LIVING WITH OWN GRANDCHILDREN UNDER 18 YEARS BY RESPONSIBILITY FOR OWN GRANDCHILDREN AND AGE OF GRANDPARENT,B10059_001,1
POVERTY STATUS IN THE PAST 12 MONTHS OF INDIVIDUALS BY SEX BY EDUCATIONAL ATTAINMENT,B17003_001,1
POVERTY STATUS IN THE PAST 12 MONTHS OF INDIVIDUALS BY SEX BY EMPLOYMENT STATUS,B17005_001,1
POVERTY STATUS IN THE PAST 12 MONTHS OF INDIVIDUALS BY SEX BY WORK EXPERIENCE,B17004_001,1
POVERTY STATUS IN THE PAST 12 MONTHS OF RELATED CHILDREN UNDER 18 YEARS BY FAMILY TYPE BY AGE OF RELATED CHILDREN UNDER 18 YEARS,B17006_001,1
POVERTY STATUS IN THE PAST 12 MONTHS OF UNRELATED INDIVIDUALS 15 YEARS AND OVER BY SEX BY AGE,B17007_001,1
POVERTY STATUS OF INDIVIDUALS IN THE PAST 12 MONTHS BY LIVING ARRANGEMENT,B17021_001,1
PRESENCE OF OWN CHILDREN UNDER 18 YEARS BY AGE OF OWN CHILDREN UNDER 18 YEARS BY EMPLOYMENT STATUS FOR FEMALES 20 TO 64 YEARS,B23003_001,1
PRESENCE OF OWN CHILDREN UNDER 18 YEARS BY FAMILY TYPE BY EMPLOYMENT STATUS,B23007_001,1
PRESENCE OF OWN CHILDREN UNDER 18 YEARS BY FAMILY TYPE BY NUMBER OF WORKERS IN FAMILY IN THE PAST 12 MONTHS,B23009_001,1
PRESENCE OF OWN CHILDREN UNDER 18 YEARS IN MARRIED-COUPLE FAMILIES BY WORK EXPERIENCE OF HOUSEHOLDER AND SPOUSE,B23010_001,1
PRESENCE OF UNMARRIED PARTNER OF HOUSEHOLDER BY HOUSEHOLD TYPE FOR CHILDREN UNDER 18 YEARS IN HOUSEHOLDS,B09008_001,1
PRICE ASKED,B25085_001,1
PUBLIC ASSISTANCE INCOME IN THE PAST 12 MONTHS FOR HOUSEHOLDS,B19057_001,1
PUBLIC ASSISTANCE INCOME OR FOOD STAMPS/SNAP IN THE PAST 12 MONTHS FOR HOUSEHOLDS,B19058_001,1
RACE,B02001_001,1
RACE OF HOUSEHOLDER,B25006_001,1
RATIO OF INCOME TO POVERTY LEVEL IN THE PAST 12 MONTHS,C17002_001,1
RATIO OF INCOME TO POVERTY LEVEL IN THE PAST 12 MONTHS BY NATIVITY OF CHILDREN UNDER 18 YEARS IN FAMILIES AND SUBFAMILIES BY LIVING ARRANGEMENTS AND NATIVITY OF PARENTS,B05010_001,1
RATIO OF INCOME TO POVERTY LEVEL IN THE PAST 12 MONTHS OF FAMILIES BY FAMILY TYPE BY PRESENCE OF RELATED CHILDREN UNDER 18 YEARS BY AGE OF RELATED CHILDREN,B17022_001,1
RATIO OF INCOME TO POVERTY LEVEL OF FAMILIES IN THE PAST 12 MONTHS,B17026_001,1
RECEIPT OF FOOD STAMPS/SNAP IN THE PAST 12 MONTHS BY FAMILY TYPE BY NUMBER OF WORKERS IN FAMILY IN THE PAST 12 MONTHS,B22007_001,1
RECEIPT OF FOOD STAMPS/SNAP IN THE PAST 12 MONTHS BY POVERTY STATUS IN THE PAST 12 MONTHS FOR HOUSEHOLDS,B22003_001,1
RECEIPT OF FOOD STAMPS/SNAP IN THE PAST 12 MONTHS BY PRESENCE OF CHILDREN UNDER 18 YEARS BY HOUSEHOLD TYPE FOR HOUSEHOLDS,B22002_001,1
RECEIPT OF FOOD STAMPS/SNAP IN THE PAST 12 MONTHS BY PRESENCE OF PEOPLE 60 YEARS AND OVER FOR HOUSEHOLDS,B22001_001,1
RECEIPT OF FOOD STAMPS/SNAP IN THE PAST 12 MONTHS BY RACE OF HOUSEHOLDER (AMERICAN INDIAN AND ALASKA NATIVE ALONE),B22005C_001,1
RECEIPT OF FOOD STAMPS/SNAP IN THE PAST 12 MONTHS BY RACE OF HOUSEHOLDER (ASIAN ALONE),B22005D_001,1
RECEIPT OF FOOD STAMPS/SNAP IN THE PAST 12 MONTHS BY RACE OF HOUSEHOLDER (BLACK OR AFRICAN AMERICAN ALONE),B22005B_001,1
RECEIPT OF FOOD STAMPS/SNAP IN THE PAST 12 MONTHS BY RACE OF HOUSEHOLDER (HISPANIC OR LATINO),B22005I_001,1
RECEIPT OF FOOD STAMPS/SNAP IN THE PAST 12 MONTHS BY RACE OF HOUSEHOLDER (NATIVE HAWAIIAN AND OTHER PACIFIC ISLANDER ALONE),B22005E_001,1
RECEIPT OF FOOD STAMPS/SNAP IN THE PAST 12 MONTHS BY RACE OF HOUSEHOLDER (SOME OTHER RACE ALONE),B22005F_001,1
RECEIPT OF FOOD STAMPS/SNAP IN THE PAST 12 MONTHS BY RACE OF HOUSEHOLDER (TWO OR MORE RACES),B22005G_001,1
RECEIPT OF FOOD STAMPS/SNAP IN THE PAST 12 MONTHS BY RACE OF HOUSEHOLDER (WHITE ALONE),B22005A_001,1
"RECEIPT OF FOOD STAMPS/SNAP IN THE PAST 12 MONTHS BY RACE OF HOUSEHOLDER (WHITE ALONE, NOT HISPANIC OR LATINO)",B22005H_001,1
"RECEIPT OF SUPPLEMENTAL SECURITY INCOME (SSI), CASH PUBLIC ASSISTANCE INCOME, OR FOOD STAMPS/SNAP IN THE PAST 12 MONTHS BY HOUSEHOLD TYPE FOR CHILDREN UNDER 18 YEARS IN HOUSEHOLDS",B09010_001,1
RELATIONSHIP BY HOUSEHOLD TYPE (INCLUDING LIVING ALONE) FOR THE POPULATION 65 YEARS AND OVER,B09017_001,1
RELATIONSHIP TO HOUSEHOLDER FOR CHILDREN UNDER 18 YEARS IN HOUSEHOLDS,B09006_001,1
RENT ASKED,B25061_001,1
RETIREMENT INCOME IN THE PAST 12 MONTHS FOR HOUSEHOLDS,B19059_001,1
ROOMS,B25017_001,1
SCHOOL ENROLLMENT BY LEVEL OF SCHOOL FOR THE POPULATION 3 YEARS AND OVER,B14001_001,1
SCHOOL ENROLLMENT BY LEVEL OF SCHOOL FOR THE POPULATION 3 YEARS AND OVER (AMERICAN INDIAN AND ALASKA NATIVE ALONE),C14007C_001,1
SCHOOL ENROLLMENT BY LEVEL OF SCHOOL FOR THE POPULATION 3 YEARS AND OVER (ASIAN ALONE),C14007D_001,1
SCHOOL ENROLLMENT BY LEVEL OF SCHOOL FOR THE POPULATION 3 YEARS AND OVER (BLACK OR AFRICAN AMERICAN ALONE),C14007B_001,1
SCHOOL ENROLLMENT BY LEVEL OF SCHOOL FOR THE POPULATION 3 YEARS AND OVER (HISPANIC OR LATINO),C14007I_001,1
SCHOOL ENROLLMENT BY LEVEL OF SCHOOL FOR THE POPULATION 3 YEARS AND OVER (NATIVE HAWAIIAN AND OTHER PACIFIC ISLANDER ALONE),C14007E_001,1
SCHOOL ENROLLMENT BY LEVEL OF SCHOOL FOR THE POPULATION 3 YEARS AND OVER (SOME OTHER RACE ALONE),C14007F_001,1
SCHOOL ENROLLMENT BY LEVEL OF SCHOOL FOR THE POPULATION 3 YEARS AND OVER (TWO OR MORE RACES),C14007G_001,1
SCHOOL ENROLLMENT BY LEVEL OF SCHOOL FOR THE POPULATION 3 YEARS AND OVER (WHITE ALONE),C14007A_001,1
"SCHOOL ENROLLMENT BY LEVEL OF SCHOOL FOR THE POPULATION 3 YEARS AND OVER (WHITE ALONE, NOT HISPANIC OR LATINO)",C14007H_001,1
SECOND ANCESTRY REPORTED,B04002_001,1
SELECTED MONTHLY OWNER COSTS,B25094_001,1
SELF-EMPLOYMENT INCOME IN THE PAST 12 MONTHS FOR HOUSEHOLDS,B19053_001,1
SEX BY AGE,B01001_001,1
SEX BY AGE (AMERICAN INDIAN AND ALASKA NATIVE ALONE),B01001C_001,1
SEX BY AGE (ASIAN ALONE),B01001D_001,1
SEX BY AGE (BLACK OR AFRICAN AMERICAN ALONE),B01001B_001,1
SEX BY AGE (HISPANIC OR LATINO),B01001I_001,1
SEX BY AGE (NATIVE HAWAIIAN AND OTHER PACIFIC ISLANDER ALONE),B01001E_001,1
SEX BY AGE (SOME OTHER RACE ALONE),B01001F_001,1
SEX BY AGE (TWO OR MORE RACES),B01001G_001,1
SEX BY AGE (WHITE ALONE),B01001A_001,1
"SEX BY AGE (WHITE ALONE, NOT HISPANIC OR LATINO)",B01001H_001,1
SEX BY AGE BY CITIZENSHIP STATUS,B05003_001,1
SEX BY AGE BY CITIZENSHIP STATUS (AMERICAN INDIAN AND ALASKA NATIVE ALONE),B05003C_001,1
SEX BY AGE BY CITIZENSHIP STATUS (ASIAN ALONE),B05003D_001,1
SEX BY AGE BY CITIZENSHIP STATUS (BLACK OR AFRICAN AMERICAN ALONE),B05003B_001,1
SEX BY AGE BY CITIZENSHIP STATUS (HISPANIC OR LATINO),B05003I_001,1
SEX BY AGE BY CITIZENSHIP STATUS (NATIVE HAWAIIAN AND OTHER PACIFIC ISLANDER ALONE),B05003E_001,1
SEX BY AGE BY CITIZENSHIP STATUS (SOME OTHER RACE ALONE),B05003F_001,1
SEX BY AGE BY CITIZENSHIP STATUS (TWO OR MORE RACES),B05003G_001,1
SEX BY AGE BY CITIZENSHIP STATUS (WHITE ALONE),B05003A_001,1
"SEX BY AGE BY CITIZENSHIP STATUS (WHITE ALONE, NOT HISPANIC OR LATINO)",B05003H_001,1
SEX BY AGE BY EDUCATIONAL ATTAINMENT FOR THE POPULATION 18 YEARS AND OVER,B15001_001,1
SEX BY AGE BY EMPLOYMENT STATUS FOR THE POPULATION 16 YEARS AND OVER,B23001_001,1
SEX BY AGE BY EMPLOYMENT STATUS FOR THE POPULATION 16 YEARS AND OVER (AMERICAN INDIAN AND ALASKA NATIVE ALONE),C23002C_001,1
SEX BY AGE BY EMPLOYMENT STATUS FOR THE POPULATION 16 YEARS AND OVER (ASIAN ALONE),C23002D_001,1
SEX BY AGE BY EMPLOYMENT STATUS FOR THE POPULATION 16 YEARS AND OVER (BLACK OR AFRICAN AMERICAN ALONE),C23002B_001,1
SEX BY AGE BY EMPLOYMENT STATUS FOR THE POPULATION 16 YEARS AND OVER (HISPANIC OR LATINO),C23002I_001,1
SEX BY AGE BY EMPLOYMENT STATUS FOR THE POPULATION 16 YEARS AND OVER (NATIVE HAWAIIAN AND OTHER PACIFIC ISLANDER ALONE),C23002E_001,1
SEX BY AGE BY EMPLOYMENT STATUS FOR THE POPULATION 16 YEARS AND OVER (SOME OTHER RACE ALONE),C23002F_001,1
SEX BY AGE BY EMPLOYMENT STATUS FOR THE POPULATION 16 YEARS AND OVER (TWO OR MORE RACES),C23002G_001,1
SEX BY AGE BY EMPLOYMENT STATUS FOR THE POPULATION 16 YEARS AND OVER (WHITE ALONE),C23002A_001,1
"SEX BY AGE BY EMPLOYMENT STATUS FOR THE POPULATION 16 YEARS AND OVER (WHITE ALONE, NOT HISPANIC OR LATINO)",C23002H_001,1
SEX BY AGE BY VETERAN STATUS FOR THE CIVILIAN POPULATION 18 YEARS AND OVER,B21001_001,1
SEX BY AGE BY VETERAN STATUS FOR THE CIVILIAN POPULATION 18 YEARS AND OVER (AMERICAN INDIAN AND ALASKA NATIVE ALONE),C21001C_001,1
SEX BY AGE BY VETERAN STATUS FOR THE CIVILIAN POPULATION 18 YEARS AND OVER (ASIAN ALONE),C21001D_001,1
SEX BY AGE BY VETERAN STATUS FOR THE CIVILIAN POPULATION 18 YEARS AND OVER (BLACK OR AFRICAN AMERICAN ALONE),C21001B_001,1
SEX BY AGE BY VETERAN STATUS FOR THE CIVILIAN POPULATION 18 YEARS AND OVER (HISPANIC OR LATINO),C21001I_001,1
SEX BY AGE BY VETERAN STATUS FOR THE CIVILIAN POPULATION 18 YEARS AND OVER (NATIVE HAWAIIAN AND OTHER PACIFIC ISLANDER ALONE),C21001E_001,1
SEX BY AGE BY VETERAN STATUS FOR THE CIVILIAN POPULATION 18 YEARS AND OVER (SOME OTHER RACE ALONE),C21001F_001,1
SEX BY AGE BY VETERAN STATUS FOR THE CIVILIAN POPULATION 18 YEARS AND OVER (TWO OR MORE RACES),C21001G_001,1
SEX BY AGE BY VETERAN STATUS FOR THE CIVILIAN POPULATION 18 YEARS AND OVER (WHITE ALONE),C21001A_001,1
"SEX BY AGE BY VETERAN STATUS FOR THE CIVILIAN POPULATION 18 YEARS AND OVER (WHITE ALONE, NOT HISPANIC OR LATINO)",C21001H_001,1
SEX BY CLASS OF WORKER AND MEDIAN EARNINGS IN THE PAST 12 MONTHS (IN 2009 INFLATION-ADJUSTED DOLLARS) FOR THE  CIVILIAN EMPLOYED POPULATION 16 YEARS AND OVER,B24082_001,1
"SEX BY CLASS OF WORKER AND MEDIAN EARNINGS IN THE PAST 12 MONTHS (IN 2009 INFLATION-ADJUSTED DOLLARS) FOR THE FULL-TIME, YEAR-ROUND CIVILIAN EMPLOYED POPULATION 16 YEARS AND OVER",B24092_001,1
SEX BY CLASS OF WORKER FOR THE CIVILIAN EMPLOYED POPULATION 16 YEARS AND OVER,B24080_001,1
"SEX BY CLASS OF WORKER FOR THE FULL-TIME, YEAR-ROUND CIVILIAN EMPLOYED POPULATION 16 YEARS AND OVER",B24090_001,1
SEX BY COLLEGE OR GRADUATE SCHOOL ENROLLMENT BY TYPE OF SCHOOL BY AGE FOR THE POPULATION 15 YEARS AND OVER,B14004_001,1
SEX BY EARNINGS IN THE PAST 12 MONTHS (IN 2009 INFLATION-ADJUSTED DOLLARS) FOR THE POPULATION 16 YEARS AND OVER WITH EARNINGS IN THE PAST 12 MONTHS,B20001_001,1
SEX BY EDUCATIONAL ATTAINMENT FOR THE POPULATION 25 YEARS AND OVER,B15002_001,1
SEX BY EDUCATIONAL ATTAINMENT FOR THE POPULATION 25 YEARS AND OVER (AMERICAN INDIAN AND ALASKA NATIVE ALONE),C15002C_001,1
SEX BY EDUCATIONAL ATTAINMENT FOR THE POPULATION 25 YEARS AND OVER (ASIAN ALONE),C15002D_001,1
SEX BY EDUCATIONAL ATTAINMENT FOR THE POPULATION 25 YEARS AND OVER (BLACK OR AFRICAN AMERICAN ALONE),C15002B_001,1
SEX BY EDUCATIONAL ATTAINMENT FOR THE POPULATION 25 YEARS AND OVER (HISPANIC OR LATINO),C15002I_001,1
SEX BY EDUCATIONAL ATTAINMENT FOR THE POPULATION 25 YEARS AND OVER (NATIVE HAWAIIAN AND OTHER PACIFIC ISLANDER ALONE),C15002E_001,1
SEX BY EDUCATIONAL ATTAINMENT FOR THE POPULATION 25 YEARS AND OVER (SOME OTHER RACE ALONE),C15002F_001,1
SEX BY EDUCATIONAL ATTAINMENT FOR THE POPULATION 25 YEARS AND OVER (TWO OR MORE RACES),C15002G_001,1
SEX BY EDUCATIONAL ATTAINMENT FOR THE POPULATION 25 YEARS AND OVER (WHITE ALONE),C15002A_001,1
"SEX BY EDUCATIONAL ATTAINMENT FOR THE POPULATION 25 YEARS AND OVER (WHITE ALONE, NOT HISPANIC OR LATINO)",C15002H_001,1
SEX BY INDUSTRY AND MEDIAN EARNINGS IN THE PAST 12 MONTHS (IN 2009 INFLATION-ADJUSTED DOLLARS) FOR THE CIVILIAN EMPLOYED POPULATION 16 YEARS AND OVER,B24032_001,1
"SEX BY INDUSTRY AND MEDIAN EARNINGS IN THE PAST 12 MONTHS (IN 2009 INFLATION-ADJUSTED DOLLARS) FOR THE FULL-TIME, YEAR-ROUND CIVILIAN EMPLOYED POPULATION 16 YEARS AND OVER",B24042_001,1
SEX BY INDUSTRY FOR THE CIVILIAN EMPLOYED POPULATION 16 YEARS AND OVER,C24030_001,1
"SEX BY INDUSTRY FOR THE FULL-TIME, YEAR-ROUND CIVILIAN EMPLOYED POPULATION 16 YEARS AND OVER",C24040_001,1
SEX BY MARITAL STATUS BY AGE FOR THE POPULATION 15 YEARS AND OVER,B12002_001,1
SEX BY MARITAL STATUS FOR THE POPULATION 15 YEARS AND OVER,B12001_001,1
SEX BY MARITAL STATUS FOR THE POPULATION 15 YEARS AND OVER (AMERICAN INDIAN AND ALASKA NATIVE ALONE),B12002C_001,1
SEX BY MARITAL STATUS FOR THE POPULATION 15 YEARS AND OVER (ASIAN ALONE),B12002D_001,1
SEX BY MARITAL STATUS FOR THE POPULATION 15 YEARS AND OVER (BLACK OR AFRICAN AMERICAN ALONE),B12002B_001,1
SEX BY MARITAL STATUS FOR THE POPULATION 15 YEARS AND OVER (HISPANIC OR LATINO),B12002I_001,1
SEX BY MARITAL STATUS FOR THE POPULATION 15 YEARS AND OVER (NATIVE HAWAIIAN AND OTHER PACIFIC ISLANDER ALONE),B12002E_001,1
SEX BY MARITAL STATUS FOR THE POPULATION 15 YEARS AND OVER (SOME OTHER RACE ALONE),B12002F_001,1
SEX BY MARITAL STATUS FOR THE POPULATION 15 YEARS AND OVER (TWO OR MORE RACES),B12002G_001,1
SEX BY MARITAL STATUS FOR THE POPULATION 15 YEARS AND OVER (WHITE ALONE),B12002A_001,1
"SEX BY MARITAL STATUS FOR THE POPULATION 15 YEARS AND OVER (WHITE ALONE, NOT HISPANIC OR LATINO)",B12002H_001,1
SEX BY OCCUPATION AND MEDIAN EARNINGS IN THE PAST 12 MONTHS (IN 2009 INFLATION-ADJUSTED DOLLARS) FOR THE CIVILIAN EMPLOYED POPULATION 16 YEARS AND OVER,B24012_001,1
"SEX BY OCCUPATION AND MEDIAN EARNINGS IN THE PAST 12 MONTHS (IN 2009 INFLATION-ADJUSTED DOLLARS) FOR THE FULL-TIME, YEAR-ROUND CIVILIAN EMPLOYED POPULATION 16 YEARS AND OVER",B24022_001,1
SEX BY OCCUPATION FOR THE CIVILIAN EMPLOYED POPULATION 16 YEARS AND OVER,C24010_001,1
SEX BY OCCUPATION FOR THE CIVILIAN EMPLOYED POPULATION 16 YEARS AND OVER (AMERICAN INDIAN AND ALASKA NATIVE ALONE),C24010C_001,1
SEX BY OCCUPATION FOR THE CIVILIAN EMPLOYED POPULATION 16 YEARS AND OVER (ASIAN ALONE),C24010D_001,1
SEX BY OCCUPATION FOR THE CIVILIAN EMPLOYED POPULATION 16 YEARS AND OVER (BLACK OR AFRICAN AMERICAN ALONE),C24010B_001,1
SEX BY OCCUPATION FOR THE CIVILIAN EMPLOYED POPULATION 16 YEARS AND OVER (HISPANIC OR LATINO),C24010I_001,1
SEX BY OCCUPATION FOR THE CIVILIAN EMPLOYED POPULATION 16 YEARS AND OVER (NATIVE HAWAIIAN AND OTHER PACIFIC ISLANDER ALONE),C24010E_001,1
SEX BY OCCUPATION FOR THE CIVILIAN EMPLOYED POPULATION 16 YEARS AND OVER (SOME OTHER RACE ALONE),C24010F_001,1
SEX BY OCCUPATION FOR THE CIVILIAN EMPLOYED POPULATION 16 YEARS AND OVER (TWO OR MORE RACES),C24010G_001,1
SEX BY OCCUPATION FOR THE CIVILIAN EMPLOYED POPULATION 16 YEARS AND OVER (WHITE ALONE),C24010A_001,1
"SEX BY OCCUPATION FOR THE CIVILIAN EMPLOYED POPULATION 16 YEARS AND OVER (WHITE ALONE, NOT HISPANIC OR LATINO)",C24010H_001,1
"SEX BY OCCUPATION FOR THE FULL-TIME, YEAR-ROUND CIVILIAN EMPLOYED POPULATION 16 YEARS AND OVER",C24020_001,1
SEX BY PLACE OF BIRTH BY YEAR OF ENTRY FOR THE FOREIGN-BORN POPULATION,B05008_001,1
SEX BY SCHOOL ENROLLMENT BY EDUCATIONAL ATTAINMENT BY EMPLOYMENT STATUS FOR THE POPULATION 16 TO 19 YEARS,B14005_001,1
SEX BY SCHOOL ENROLLMENT BY LEVEL OF SCHOOL BY TYPE OF SCHOOL FOR THE POPULATION 3 YEARS AND OVER,B14002_001,1
SEX BY SCHOOL ENROLLMENT BY TYPE OF SCHOOL BY AGE FOR THE POPULATION 3 YEARS AND OVER,B14003_001,1
SEX BY WORK EXPERIENCE IN THE PAST 12 MONTHS BY EARNINGS IN THE PAST 12 MONTHS (IN 2009 INFLATION-ADJUSTED DOLLARS) FOR THE POPULATION 16 YEARS AND OVER,B20005_001,1
SEX BY WORK EXPERIENCE IN THE PAST 12 MONTHS BY EARNINGS IN THE PAST 12 MONTHS (IN 2009 INFLATION-ADJUSTED DOLLARS) FOR THE POPULATION 16 YEARS AND OVER (AMERICAN INDIAN AND ALASKA NATIVE ALONE),B20005C_001,1
SEX BY WORK EXPERIENCE IN THE PAST 12 MONTHS BY EARNINGS IN THE PAST 12 MONTHS (IN 2009 INFLATION-ADJUSTED DOLLARS) FOR THE POPULATION 16 YEARS AND OVER (ASIAN ALONE),B20005D_001,1
SEX BY WORK EXPERIENCE IN THE PAST 12 MONTHS BY EARNINGS IN THE PAST 12 MONTHS (IN 2009 INFLATION-ADJUSTED DOLLARS) FOR THE POPULATION 16 YEARS AND OVER (BLACK OR AFRICAN AMERICAN ALONE),B20005B_001,1
SEX BY WORK EXPERIENCE IN THE PAST 12 MONTHS BY EARNINGS IN THE PAST 12 MONTHS (IN 2009 INFLATION-ADJUSTED DOLLARS) FOR THE POPULATION 16 YEARS AND OVER (HISPANIC OR LATINO),B20005I_001,1
SEX BY WORK EXPERIENCE IN THE PAST 12 MONTHS BY EARNINGS IN THE PAST 12 MONTHS (IN 2009 INFLATION-ADJUSTED DOLLARS) FOR THE POPULATION 16 YEARS AND OVER (NATIVE HAWAIIAN AND OTHER PACIFIC ISLANDER ALO,B20005E_001,1
SEX BY WORK EXPERIENCE IN THE PAST 12 MONTHS BY EARNINGS IN THE PAST 12 MONTHS (IN 2009 INFLATION-ADJUSTED DOLLARS) FOR THE POPULATION 16 YEARS AND OVER (SOME OTHER RACE ALONE),B20005F_001,1
SEX BY WORK EXPERIENCE IN THE PAST 12 MONTHS BY EARNINGS IN THE PAST 12 MONTHS (IN 2009 INFLATION-ADJUSTED DOLLARS) FOR THE POPULATION 16 YEARS AND OVER (TWO OR MORE RACES),B20005G_001,1
SEX BY WORK EXPERIENCE IN THE PAST 12 MONTHS BY EARNINGS IN THE PAST 12 MONTHS (IN 2009 INFLATION-ADJUSTED DOLLARS) FOR THE POPULATION 16 YEARS AND OVER (WHITE ALONE),B20005A_001,1
"SEX BY WORK EXPERIENCE IN THE PAST 12 MONTHS BY EARNINGS IN THE PAST 12 MONTHS (IN 2009 INFLATION-ADJUSTED DOLLARS) FOR THE POPULATION 16 YEARS AND OVER (WHITE ALONE, NOT HISPANIC OR LATINO)",B20005H_001,1
SEX BY WORK EXPERIENCE IN THE PAST 12 MONTHS BY INCOME IN THE PAST 12 MONTHS (IN 2009 INFLATION-ADJUSTED DOLLARS) FOR THE POPULATION 15 YEARS AND OVER,B19325_001,1
SEX BY WORK STATUS IN THE PAST 12 MONTHS BY USUAL HOURS WORKED PER WEEK IN THE PAST 12 MONTHS BY WEEKS WORKED IN THE PAST 12 MONTHS FOR THE POPULATION 16 TO 64 YEARS,B23022_001,1
SEX OF GRANDPARENTS LIVING WITH OWN GRANDCHILDREN UNDER 18 YEARS BY RESPONSIBILITY FOR OWN GRANDCHILDREN AND AGE OF GRANDPARENT,B10056_001,1
SEX OF WORKERS BY MEANS OF TRANSPORTATION TO WORK,B08006_001,1
SEX OF WORKERS BY MEANS OF TRANSPORTATION TO WORK FOR WORKPLACE GEOGRAPHY,B08406_001,1
"SEX OF WORKERS BY PLACE OF WORK--MINOR CIVIL DIVISION LEVEL FOR 12 SELECTED STATES (CT, ME, MA, MI, MN, NH, NJ, NY, PA, RI, VT, WI)",B08009_001,1
SEX OF WORKERS BY PLACE OF WORK--PLACE LEVEL,B08008_001,1
SEX OF WORKERS BY PLACE OF WORK--STATE AND COUNTY LEVEL,B08007_001,1
SEX OF WORKERS BY TIME LEAVING HOME TO GO TO WORK,B08011_001,1
SEX OF WORKERS BY TRAVEL TIME TO WORK,B08012_001,1
SEX OF WORKERS BY TRAVEL TIME TO WORK FOR WORKPLACE GEOGRAPHY,B08412_001,1
SEX OF WORKERS BY VEHICLES AVAILABLE,B08014_001,1
SHARES OF AGGREGATE HOUSEHOLD INCOME BY QUINTILE,B19082_001,1
SOCIAL SECURITY INCOME IN THE PAST 12 MONTHS FOR HOUSEHOLDS,B19055_001,1
SOME OTHER RACE ALONE OR IN COMBINATION WITH ONE OR MORE OTHER RACES,B02013_001,1
SUBFAMILY TYPE BY PRESENCE OF OWN CHILDREN UNDER 18 YEARS,B11013_001,1
SUPPLEMENTAL SECURITY INCOME (SSI) IN THE PAST 12 MONTHS FOR HOUSEHOLDS,B19056_001,1
TENURE,B25003_001,1
TENURE (AMERICAN INDIAN AND ALASKA NATIVE ALONE HOUSEHOLDER),B25003C_001,1
TENURE (ASIAN ALONE HOUSEHOLDER),B25003D_001,1
TENURE (BLACK OR AFRICAN AMERICAN ALONE HOUSEHOLDER),B25003B_001,1
TENURE (HISPANIC OR LATINO HOUSEHOLDER),B25003I_001,1
TENURE (NATIVE HAWAIIAN AND OTHER PACIFIC ISLANDER ALONE HOUSEHOLDER),B25003E_001,1
TENURE (SOME OTHER RACE ALONE HOUSEHOLDER),B25003F_001,1
TENURE (TWO OR MORE RACES HOUSEHOLDER),B25003G_001,1
TENURE (WHITE ALONE HOUSEHOLDER),B25003A_001,1
"TENURE (WHITE ALONE, NOT HISPANIC OR LATINO HOUSEHOLDER)",B25003H_001,1
TENURE BY AGE OF HOUSEHOLDER,B25007_001,1
TENURE BY AGE OF HOUSEHOLDER BY OCCUPANTS PER ROOM,B25015_001,1
TENURE BY BEDROOMS,B25042_001,1
TENURE BY EDUCATIONAL ATTAINMENT OF HOUSEHOLDER,B25013_001,1
TENURE BY FAMILIES AND PRESENCE OF OWN CHILDREN,B25012_001,1
TENURE BY HOUSE HEATING FUEL,B25117_001,1
TENURE BY HOUSEHOLD INCOME IN THE PAST 12 MONTHS (IN 2009 INFLATION-ADJUSTED DOLLARS),B25118_001,1
TENURE BY HOUSEHOLD SIZE,B25009_001,1
TENURE BY HOUSEHOLD SIZE BY AGE OF HOUSEHOLDER,B25116_001,1
TENURE BY HOUSEHOLD TYPE (INCLUDING LIVING ALONE) AND AGE OF HOUSEHOLDER,B25011_001,1
TENURE BY HOUSEHOLD TYPE AND PRESENCE AND AGE OF OWN CHILDREN,B25115_001,1
TENURE BY HOUSING COSTS AS A PERCENTAGE OF HOUSEHOLD INCOME IN THE PAST 12 MONTHS,B25106_001,1
TENURE BY KITCHEN FACILITIES,B25053_001,1
TENURE BY OCCUPANTS PER ROOM,B25014_001,1
TENURE BY PLUMBING FACILITIES,B25049_001,1
TENURE BY PLUMBING FACILITIES BY OCCUPANTS PER ROOM,B25016_001,1
TENURE BY ROOMS,B25020_001,1
TENURE BY SELECTED PHYSICAL AND FINANCIAL CONDITIONS,B25123_001,1
TENURE BY TELEPHONE SERVICE AVAILABLE BY AGE OF HOUSEHOLDER,B25043_001,1
TENURE BY UNITS IN STRUCTURE,B25032_001,1
TENURE BY VEHICLES AVAILABLE,B25044_001,1
TENURE BY VEHICLES AVAILABLE BY AGE OF HOUSEHOLDER,B25045_001,1
TENURE BY YEAR HOUSEHOLDER MOVED INTO UNIT,B25038_001,1
TENURE BY YEAR STRUCTURE BUILT,B25036_001,1
TENURE OF GRANDPARENTS LIVING WITH OWN GRANDCHILDREN UNDER 18 YEARS BY RESPONSIBILITY FOR OWN GRANDCHILDREN AND AGE OF GRANDPARENT,B10061_001,1
TIME ARRIVING AT WORK FROM HOME FOR WORKPLACE GEOGRAPHY,B08602_001,1
TIME LEAVING HOME TO GO TO WORK,B08302_001,1
TOTAL ANCESTRY REPORTED,B04003_001,1
TOTAL POPULATION,B01003_001,1
TOTAL POPULATION COVERAGE RATE BY SEX,B98012_001,1
TOTAL POPULATION COVERAGE RATE BY WEIGHTING RACE AND HISPANIC OR LATINO GROUPS,B98013_001,1
TOTAL POPULATION IN OCCUPIED HOUSING UNITS BY TENURE,B25008_001,1
TOTAL POPULATION IN OCCUPIED HOUSING UNITS BY TENURE BY UNITS IN STRUCTURE,B25033_001,1
TOTAL POPULATION IN OCCUPIED HOUSING UNITS BY TENURE BY YEAR HOUSEHOLDER MOVED INTO UNIT,B25026_001,1
TRAVEL TIME TO WORK,B08303_001,1
TRAVEL TIME TO WORK FOR WORKPLACE GEOGRAPHY,B08603_001,1
UNITS IN STRUCTURE,B25024_001,1
UNITS IN STRUCTURE (AMERICAN INDIAN AND ALASKA NATIVE ALONE HOUSEHOLDER),B25032C_001,1
UNITS IN STRUCTURE (ASIAN ALONE HOUSEHOLDER),B25032D_001,1
UNITS IN STRUCTURE (BLACK OR AFRICAN AMERICAN ALONE HOUSEHOLDER),B25032B_001,1
UNITS IN STRUCTURE (HISPANIC OR LATINO HOUSEHOLDER),B25032I_001,1
UNITS IN STRUCTURE (NATIVE HAWAIIAN AND OTHER PACIFIC ISLANDER ALONE HOUSEHOLDER),B25032E_001,1
UNITS IN STRUCTURE (SOME OTHER RACE ALONE HOUSEHOLDER),B25032F_001,1
UNITS IN STRUCTURE (TWO OR MORE RACES HOUSEHOLDER),B25032G_001,1
UNITS IN STRUCTURE (WHITE ALONE HOUSEHOLDER),B25032A_001,1
"UNITS IN STRUCTURE (WHITE ALONE, NOT HISPANIC OR LATINO HOUSEHOLDER)",B25032H_001,1
UNITS IN STRUCTURE BY GROSS RENT AS A PERCENTAGE OF HOUSEHOLD INCOME IN THE PAST 12 MONTHS,B25073_001,1
UNITS IN STRUCTURE OF GRANDPARENTS LIVING WITH OWN GRANDCHILDREN UNDER 18 YEARS BY RESPONSIBILITY FOR OWN GRANDCHILDREN AND AGE OF GRANDPARENT,B10060_001,1
UNMARRIED-PARTNER HOUSEHOLDS BY SEX OF PARTNER,B11009_001,1
UNWEIGHTED GROUP QUARTERS POPULATION SAMPLE,B98002_001,1
UNWEIGHTED HOUSING UNIT SAMPLE,B98001_001,1
UNWEIGHTED SAMPLE COUNT OF THE POPULATION,B00001_001,1
UNWEIGHTED SAMPLE HOUSING UNITS,B00002_001,1
UPPER CONTRACT RENT QUARTILE (DOLLARS),B25059_001,1
UPPER VALUE QUARTILE (DOLLARS),B25078_001,1
VACANCY STATUS,B25004_001,1
VACANT - CURRENT RESIDENCE ELSEWHERE,B25005_001,1
VALUE,B25075_001,1
VETERAN STATUS BY EDUCATIONAL ATTAINMENT FOR THE CIVILIAN POPULATION 25 YEARS AND OVER,B21003_001,1
WAGE OR SALARY INCOME IN THE PAST 12 MONTHS FOR HOUSEHOLDS,B19052_001,1
WHITE ALONE OR IN COMBINATION WITH ONE OR MORE OTHER RACES,B02008_001,1
WOMEN 15 TO 50 YEARS WHO HAD A BIRTH IN THE PAST 12 MONTHS BY MARITAL STATUS (AMERICAN INDIAN AND ALASKA NATIVE ALONE),B13002C_001,1
WOMEN 15 TO 50 YEARS WHO HAD A BIRTH IN THE PAST 12 MONTHS BY MARITAL STATUS (ASIAN ALONE),B13002D_001,1
WOMEN 15 TO 50 YEARS WHO HAD A BIRTH IN THE PAST 12 MONTHS BY MARITAL STATUS (BLACK OR AFRICAN AMERICAN ALONE),B13002B_001,1
WOMEN 15 TO 50 YEARS WHO HAD A BIRTH IN THE PAST 12 MONTHS BY MARITAL STATUS (HISPANIC OR LATINO),B13002I_001,1
WOMEN 15 TO 50 YEARS WHO HAD A BIRTH IN THE PAST 12 MONTHS BY MARITAL STATUS (NATIVE HAWAIIAN AND OTHER PACIFIC ISLANDER ALONE),B13002E_001,1
WOMEN 15 TO 50 YEARS WHO HAD A BIRTH IN THE PAST 12 MONTHS BY MARITAL STATUS (SOME OTHER RACE ALONE),B13002F_001,1
WOMEN 15 TO 50 YEARS WHO HAD A BIRTH IN THE PAST 12 MONTHS BY MARITAL STATUS (TWO OR MORE RACES),B13002G_001,1
WOMEN 15 TO 50 YEARS WHO HAD A BIRTH IN THE PAST 12 MONTHS BY MARITAL STATUS (WHITE ALONE),B13002A_001,1
"WOMEN 15 TO 50 YEARS WHO HAD A BIRTH IN THE PAST 12 MONTHS BY MARITAL STATUS (WHITE ALONE, NOT HISPANIC OR LATINO)",B13002H_001,1
WOMEN 15 TO 50 YEARS WHO HAD A BIRTH IN THE PAST 12 MONTHS BY MARITAL STATUS AND AGE,B13002_001,1
WOMEN 15 TO 50 YEARS WHO HAD A BIRTH IN THE PAST 12 MONTHS BY MARITAL STATUS AND CITIZENSHIP STATUS,B13008_001,1
WOMEN 15 TO 50 YEARS WHO HAD A BIRTH IN THE PAST 12 MONTHS BY MARITAL STATUS AND EDUCATIONAL ATTAINMENT,B13014_001,1
WOMEN 15 TO 50 YEARS WHO HAD A BIRTH IN THE PAST 12 MONTHS BY MARITAL STATUS AND POVERTY STATUS IN THE PAST 12 MONTHS,B13010_001,1
WOMEN 15 TO 50 YEARS WHO HAD A BIRTH IN THE PAST 12 MONTHS BY MARITAL STATUS AND PRESENCE OF UNMARRIED PARTNER,B13004_001,1
WOMEN 16 TO 50 YEARS WHO HAD A BIRTH IN THE PAST 12 MONTHS BY MARITAL STATUS AND LABOR FORCE STATUS,B13012_001,1
WORK STATUS IN THE PAST 12 MONTHS BY AGE BY EMPLOYMENT STATUS FOR THE CIVILIAN POPULATION 65 YEARS AND OVER,B23004_001,1
YEAR OF ENTRY BY CITIZENSHIP STATUS IN PUERTO RICO,B05005PR_001,1
YEAR OF ENTRY BY CITIZENSHIP STATUS IN THE UNITED STATES,B05005_001,1
YEAR STRUCTURE BUILT,B25034_001,1
